"","rs4293","rs4295","rs4329","rs4335","rs4343","rs4353","rs4363"
"917986-40",0,0,2,0,0,2,0
"904491-40",0,0,2,0,0,1,1
"904492-40",0,0,2,0,0,2,0
"911114-40",2,2,1,1,1,1,1
"911242-40",1,1,2,0,0,NA,0
"932772-40",1,1,2,0,0,2,0
"924557-40",2,2,0,2,2,0,2
"924556-40",1,1,1,1,1,1,1
"924765-40",0,2,2,1,1,2,0
"924767-40",1,2,2,0,0,2,0
"927374-40",1,1,1,1,1,1,1
"931190-40",2,2,1,1,1,1,1
"929022-40",1,1,1,1,1,2,0
"930945-40",2,2,0,2,2,0,2
"929120-40",0,0,2,0,0,2,0
"929675-40",1,1,0,2,2,1,1
"927674-40",1,1,0,2,2,0,2
"924770-40",2,2,0,2,2,0,2
"921597-40",1,1,1,1,1,1,1
"935060-40",1,1,1,1,1,1,1
"926914-40",0,0,2,0,0,2,0
"926909-40",1,1,1,2,2,1,1
"924420-40",1,1,1,1,1,0,2
"920677-40",2,2,1,1,1,1,1
"932449-40",2,2,1,1,1,1,1
"932773-40",1,1,1,1,1,1,1
"921598-40",2,2,0,2,2,0,2
"921595-40",1,1,1,1,1,1,1
"911244-40",0,0,2,0,0,2,0
"911112-40",2,2,0,2,2,0,2
"916134-40",1,1,1,1,1,1,1
"935063-40",1,1,1,1,1,1,1
"924310-40",1,1,2,0,0,2,0
"926915-40",NA,2,0,2,2,0,2
"927675-40",1,1,1,1,1,1,1
"921594-40",0,1,1,1,1,1,1
"924766-40",1,1,1,1,1,1,1
"926765-40",1,2,1,1,1,1,2
"932226-40",1,2,1,1,1,1,1
"932348-40",0,1,0,2,2,0,2
"920373-40",1,1,1,1,1,1,1
"920372-40",1,1,2,0,0,2,0
"917984-40",0,0,0,2,2,0,2
"926764-40",2,2,0,2,2,0,2
"932770-40",2,2,0,2,2,0,2
"924555-40",2,2,0,2,2,0,2
"920506-40",0,0,2,0,0,2,0
"911111-40",2,2,0,2,2,0,2
"933568-40",2,2,1,1,1,1,1
"932022-40",0,0,0,2,2,0,2
"924554-40",0,0,2,0,0,2,0
"924525-40",1,1,1,1,1,1,1
"927376-40",1,1,1,1,1,1,1
"930927-40",2,2,1,1,1,1,1
"932225-40",0,0,2,0,0,2,0
"935081-40",0,0,2,0,0,2,0
"924069-40",1,1,1,1,1,1,1
"926378-40",0,0,2,0,0,2,0
"926996-40",0,0,0,2,2,0,2
"926347-40",1,1,2,0,0,2,0
"941080-40",1,1,1,1,1,1,1
"924553-40",2,2,0,2,2,0,2
"929121-40",0,2,2,1,1,2,1
"930125-40",2,2,0,2,2,0,2
"935059-40",0,1,2,1,1,2,0
"937972-40",1,1,1,1,1,1,1
"932397-40",0,1,1,1,1,1,1
"927425-40",1,1,1,1,1,1,1
"926762-40",2,2,1,1,1,1,1
"930120-40",0,1,0,2,2,0,2
"935057-40",1,1,1,1,1,1,1
"932399-40",2,2,1,1,1,1,1
"921755-40",1,2,1,1,1,1,1
"924764-40",2,2,0,2,2,0,2
"928036-40",1,1,1,1,1,1,1
"937974-40",0,1,1,2,2,1,1
"935774-40",2,2,1,1,1,1,1
"945391-40",2,2,0,2,2,0,2
"932396-40",0,1,2,0,0,2,0
"927673-40",2,2,0,2,2,0,2
"924768-40",2,2,0,2,2,0,2
"931191-40",2,2,1,1,1,1,1
"939842-40",1,1,1,2,1,1,1
"937927-40",1,1,1,1,1,1,1
"947410-40",2,2,0,2,2,0,2
"926757-40",0,0,1,2,2,2,1
"928034-40",0,1,2,1,1,2,1
"947626-40",2,2,0,2,2,0,2
"937973-40",0,1,2,0,0,2,0
"928035-40",1,1,1,1,1,1,1
"935055-40",0,0,1,1,1,1,1
"926756-40",1,1,1,1,1,1,1
"932023-40",0,2,2,1,1,2,1
"935080-40",1,1,1,1,1,1,1
"945384-40",2,2,0,2,2,0,2
"921596-40",2,2,0,2,2,0,2
"912604-40",1,2,1,1,1,1,1
"924762-40",0,1,2,2,2,2,1
"935054-40",2,2,0,2,2,0,2
"938570-40",0,1,1,2,2,1,2
"937979-40",1,1,1,1,1,1,1
"932354-40",0,1,2,0,0,2,0
"932446-40",0,0,2,0,0,2,0
"919175-40",1,1,1,1,1,1,1
"917938-40",1,1,1,1,1,1,1
"912427-40",1,1,2,0,0,2,0
"932769-40",2,2,0,2,2,0,2
"933570-40",0,1,2,0,0,2,0
"932349-40",0,0,2,0,0,2,0
"935079-40",1,1,1,1,1,1,1
"949384-40",2,2,0,2,2,0,2
"949591-40",1,1,2,0,0,2,0
"920676-40",1,1,1,1,1,1,1
"920675-40",1,2,1,1,1,1,1
"912605-40",2,2,1,1,1,1,1
"937980-40",1,1,1,1,1,1,1
"932395-40",2,2,1,1,1,1,1
"932771-40",0,0,2,0,0,2,0
"935058-40",1,1,1,1,1,1,1
"947622-40",0,1,2,0,0,1,1
"921049-40",2,2,0,2,2,0,2
"920674-40",1,1,1,1,1,1,1
"935056-40",0,0,2,NA,0,2,0
"934137-40",1,2,1,1,1,1,1
"938565-40",1,1,1,1,1,1,1
"935269-40",2,2,0,2,2,0,2
"947624-40",0,0,2,0,0,2,0
"932227-40",1,1,1,1,1,1,1
"949100-40",2,2,0,2,2,0,2
"947627-40",1,1,2,0,0,2,0
"947628-40",1,1,1,1,1,1,1
"912425-40",1,1,1,1,1,1,1
"916135-40",2,2,1,1,1,1,1
"934843-40",0,0,0,2,2,0,2
"934139-40",1,1,1,1,1,1,1
"938572-40",0,0,2,0,0,2,0
"930869-40",1,1,1,1,1,1,1
"932447-40",2,2,0,2,2,0,2
"932000-40",0,2,2,2,2,2,2
"912607-40",0,0,2,0,0,2,0
"916137-40",1,2,2,1,1,2,1
"934140-40",2,2,1,1,1,1,1
"934136-40",1,1,1,NA,1,1,1
"940052-40",1,1,1,1,1,1,1
"932351-40",2,2,0,2,2,0,2
"932448-40",1,1,1,1,1,1,1
"947629-40",2,2,0,2,2,0,2
"949589-40",0,0,2,0,0,2,0
"924311-40",0,0,2,0,0,2,0
"924763-40",2,2,0,2,2,0,2
"935061-40",1,1,2,0,1,1,1
"932224-40",2,2,1,1,1,1,1
"938573-40",0,0,2,0,0,2,0
"945388-40",0,1,1,2,2,1,2
"932445-40",2,2,0,2,2,0,2
"935078-40",2,2,0,2,2,0,2
"949102-40",2,2,1,1,1,1,1
"934934-40",0,0,1,1,1,1,1
"920679-40",0,0,2,0,0,2,0
"917985-40",0,0,1,1,1,1,1
"935062-40",0,1,2,1,1,2,0
"935773-40",1,1,1,1,1,1,1
"938567-40",1,1,1,1,1,1,1
"935772-40",2,2,1,1,1,1,1
"940848-40",0,0,2,0,0,2,0
"945390-40",0,1,2,0,0,2,0
"920505-40",0,1,1,2,2,1,2
"947631-40",1,1,0,2,2,0,2
"952903-40",1,2,1,1,1,1,1
"912606-40",1,1,2,0,0,2,0
"945248-40",0,1,1,1,1,1,1
"938566-40",1,1,1,1,1,1,1
"937978-40",1,1,1,1,1,1,1
"941079-40",1,1,1,1,1,1,1
"923515-40",1,2,1,2,2,1,2
"912424-40",2,2,1,1,1,1,1
"932173-40",1,2,1,1,1,1,1
"938571-40",2,2,0,2,2,NA,2
"945389-40",1,1,1,1,1,1,1
"941082-40",2,2,0,2,2,0,2
"916136-40",1,2,1,1,1,1,1
"939844-40",1,1,1,1,1,1,1
"950951-40",2,2,0,2,2,0,2
"912652-40",2,2,0,2,2,0,2
"950949-40",2,2,0,2,2,0,2
"940051-40",2,2,0,2,2,0,2
"946394-40",1,1,1,1,1,1,1
"947409-40",2,2,1,1,1,1,1
"912651-40",0,0,2,0,0,2,0
"950560-40",0,1,0,2,2,0,1
"937975-40",0,1,2,1,1,2,0
"949590-40",2,2,0,2,2,0,2
"952899-40",1,1,0,2,2,0,2
"937976-40",2,2,0,2,2,0,2
"946395-40",2,2,1,1,1,1,1
"949101-40",2,2,0,2,2,0,2
"911243-40",2,2,0,1,1,1,1
"945386-40",2,2,0,2,2,0,2
"937977-40",1,1,2,0,0,2,0
"941078-40",2,2,0,2,2,0,2
"949593-40",2,2,0,2,2,0,2
"912426-40",1,1,0,2,2,0,2
"923516-40",1,2,1,1,1,1,1
"947625-40",0,1,2,0,0,2,0
"934933-40",1,1,1,1,1,1,1
"947408-40",0,1,2,1,1,2,0
"949592-40",2,2,0,2,2,0,2
"912649-40",2,2,0,2,2,0,2
"923513-40",0,1,1,1,1,1,1
"934930-40",2,2,0,2,2,1,1
"952900-40",2,2,0,2,2,0,2
"939840-40",1,1,1,1,1,1,1
"921048-40",1,1,1,1,1,1,1
"950559-40",1,1,0,2,2,0,2
"921593-40",1,1,1,1,1,1,1
"947630-40",1,2,0,2,2,0,2
"950561-40",1,2,0,2,2,0,2
"B2679A_D",0,1,0,2,2,0,2
"B2868A_D",2,2,0,2,2,0,2
"B2706A_D",1,1,1,1,1,1,1
"B2774A_D",2,2,0,2,2,0,2
"S2771A_D",2,2,0,2,2,0,2
"B2692A_D",1,1,0,2,2,0,2
"B2691A_D",1,1,1,1,1,1,1
"B2701A_D",0,1,1,1,1,1,1
"B2767A_D",2,2,0,2,2,0,2
"B2764A_D",2,2,0,2,2,0,2
"B2733A_D",0,1,1,2,2,1,2
"B2728A_D",1,1,1,1,1,1,1
"S2690A_D",2,2,0,2,2,0,2
"B2686A_D",0,0,1,1,1,1,1
"B2760A_D",2,2,0,2,2,0,2
"B2726A_D",1,2,1,2,2,1,2
"B2585B_D",0,0,2,0,0,2,0
"B2769A_D",0,0,2,0,0,2,0
"B2361A_D",1,1,1,1,1,1,0
"B2916A_D",1,2,1,2,2,1,1
"B3030A_D",0,1,1,1,1,1,1
"B2300A_D",2,2,0,2,2,0,2
"B2309A_D",1,1,1,1,1,1,1
"B2689A_D",1,1,1,1,1,1,1
"B2277A_D",2,2,0,2,2,0,2
"B2737A_D",2,2,0,2,2,0,2
"B2508A_D",1,1,1,1,1,1,1
"B2615A_D",1,2,1,2,2,1,2
"B2306A_D",1,1,2,0,0,2,0
"B2246A_D",0,0,2,0,0,2,0
"B2339A_D",1,1,1,1,1,1,1
"S2456A_D",1,1,1,1,1,1,1
"B2570A_D",1,1,1,1,1,1,1
"B2548A_D",1,1,1,1,1,1,1
"B2818A_D",2,2,1,1,2,0,2
"B2884A_D",0,0,2,0,0,2,0
"B2562A_D",0,1,1,2,2,1,2
"B2565A_D",1,1,1,1,1,1,1
"B2493A_D",1,1,0,2,2,0,2
"S2626A_D",2,2,1,1,1,1,1
"S2870A_D",2,2,0,2,2,0,2
"S2596A_D",1,1,1,1,1,1,1
"S2634A_D",1,1,1,1,1,1,1
"S2511A_D",1,1,1,1,1,1,1
"B2406A_D",1,1,1,1,1,1,1
"B2603A_D",1,1,1,1,1,1,1
"B2832A_D",2,2,1,1,1,1,1
"S2780A_D",2,2,1,1,1,1,1
"S2477A_D",1,1,2,0,0,2,0
"B2450A_D",2,2,0,2,2,0,2
"B2462A_D",1,1,1,1,1,1,1
"S2609A_D",2,2,0,2,2,0,2
"S2561A_D",1,1,1,1,1,1,1
"B2848A_D",0,0,2,0,0,2,0
"S2469A_D",2,2,1,1,1,1,1
"B2423A_D",1,1,2,0,0,2,0
"S2790A_D",2,2,0,2,2,0,2
"B2851A_D",1,2,1,2,2,1,1
"B2432A_D",1,1,1,1,1,1,1
"S2560A_D",1,1,1,1,1,1,1
"B2597A_D",1,1,1,1,1,1,1
"B2601A_D",1,2,1,1,1,1,1
"S2435A_D",2,2,0,2,2,0,2
"S2853A_D",1,1,1,1,1,1,1
"S2569A_D",1,2,1,2,2,2,1
"B2889A_D",2,2,0,2,2,0,2
"B2647A_D",0,1,2,0,0,2,0
"S2538A_D",2,2,0,2,2,0,2
"B2617A_D",0,1,1,1,1,2,0
"B2578A_D",0,0,2,0,0,2,0
"B2506A_D",2,2,0,2,2,0,2
"B2497A_D",1,2,1,2,2,1,1
"S2854A_D",1,2,1,1,1,1,1
"B2395A_D",1,1,1,1,1,1,1
"B2515A_D",1,1,1,1,1,1,1
"B2441A_D",2,2,0,2,2,0,2
"B2494A_D",2,2,1,1,1,1,1
"S2394A_D",0,2,2,1,1,2,1
"B2398A_D",2,2,0,2,2,0,2
"B2540A_D",0,1,2,1,1,2,1
"B2490A_D",2,2,1,1,1,1,1
"S2636A_D",0,2,2,1,1,2,1
"B2484A_D",2,2,1,1,1,1,1
"S2554A_D",1,2,1,1,1,1,1
"B2498A_D",0,0,2,0,0,2,0
"B2470A_D",2,2,0,2,2,0,2
"S2582A_D",1,1,0,2,2,0,2
"B2479A_D",1,2,1,2,2,1,2
"S2400A_D",2,2,0,2,2,0,2
"B2873A_D",2,2,0,2,2,0,2
"S2480A_D",1,1,1,1,1,1,1
"S2840A_D",0,0,0,2,2,1,2
"B2532A_D",0,0,2,0,0,2,0
"B2858A_D",1,1,1,1,1,1,1
"B2537A_D",0,0,2,0,0,2,NA
"B2417A_D",1,1,1,1,1,1,1
"B2559A_D",0,0,2,0,0,2,0
"B2527A_D",1,1,1,2,2,1,2
"B2542A_D",0,0,2,0,0,2,0
"B2583A_D",2,2,0,2,2,0,2
"B2396A_D",0,1,2,1,1,2,1
"S2488A_D",0,0,2,0,0,2,0
"B2555A_D",0,1,2,0,0,2,0
"B2816A_D",0,1,2,1,1,2,0
"B2513A_D",0,0,2,0,0,2,0
"B2552A_D",1,1,1,1,1,1,1
"B2794A_D",1,1,0,2,2,2,1
"S2429A_D",2,2,1,1,1,1,1
"S2850A_D",2,2,0,2,2,0,2
"B2453A_D",1,1,1,2,2,1,2
"B2795A_D",0,1,2,0,0,2,0
"B2482A_D",0,1,1,1,1,1,1
"B2427A_D",1,1,2,0,0,2,0
"B2397A_D",2,2,0,2,2,0,2
"B2898A_D",2,2,0,2,2,0,2
"S2514A_D",2,2,0,2,2,0,2
"B2414A_D",2,2,1,1,1,1,1
"B2599A_D",1,1,1,1,1,1,1
"B2566A_D",1,1,1,1,1,1,1
"S2595A_D",2,2,1,1,1,1,1
"B2620A_D",1,1,0,2,2,0,2
"B2839A_D",1,1,1,1,1,1,1
"B2841A_D",2,2,0,2,2,0,2
"B2593A_D",2,2,0,2,2,0,2
"B2411A_D",1,1,1,1,1,1,1
"S2512A_D",1,1,1,1,1,1,1
"S2801A_D",1,1,1,1,1,2,0
"B2622A_D",1,1,1,1,1,1,1
"B2876A_D",0,0,1,1,1,1,1
"B2871A_D",2,2,0,2,2,0,2
"B2872A_D",0,0,2,0,0,2,0
"B2879A_D",1,1,1,1,1,1,1
"B2891A_D",0,0,2,1,1,2,0
"S2572A_D",1,1,1,1,1,1,1
"B2476A_D",2,2,0,2,2,0,2
"S2855A_D",2,2,2,0,0,2,0
"B2797A_D",2,2,0,2,2,0,2
"B2623A_D",2,2,1,1,1,1,1
"S2629A_D",1,1,1,1,1,1,1
"S2567A_D",1,1,2,0,0,2,0
"S2806A_D",1,1,1,1,1,1,1
"S2887A_D",1,1,0,2,2,0,2
"S2557A_D",2,2,1,1,1,1,1
"B2541A_D",1,1,2,0,0,2,0
"S2786A_D",2,2,0,2,2,0,2
"B2510A_D",2,2,0,2,2,0,2
"B2405A_D",2,2,1,1,1,1,1
"B2628A_D",2,2,0,2,2,0,2
"B2425A_D",1,1,1,1,1,1,1
"B2894A_D",0,2,2,2,2,2,2
"B2448A_D",2,2,0,2,2,0,2
"S2627A_D",2,2,0,2,2,0,2
"S2478A_D",2,2,0,2,2,0,2
"B2897A_D",2,2,0,2,2,0,2
"B2418A_D",1,1,1,1,1,1,1
"B2640A_D",0,1,2,1,1,2,0
"S2607A_D",2,2,0,2,2,0,2
"B2454A_D",0,1,1,1,1,1,1
"B2600A_D",1,2,1,1,1,1,1
"S2811A_D",2,2,0,2,2,0,2
"B2543A_D",0,1,2,0,0,2,0
"B2829A_D",1,1,1,1,1,1,1
"B2544A_D",0,0,2,0,0,2,0
"B2574A_D",2,2,1,1,1,1,1
"B2856A_D",1,1,1,1,1,1,1
"B2639A_D",2,2,1,1,1,1,1
"B2546A_D",2,2,0,2,2,0,2
"B2495A_D",0,0,2,0,0,2,0
"B2393A_D",0,0,2,0,0,2,0
"B2834A_D",1,1,2,0,0,2,0
"B2451A_D",2,2,1,1,1,1,1
"B2643A_D",1,1,1,1,1,1,1
"B2434A_D",1,2,2,2,2,2,1
"B2612A_D",0,1,2,1,1,2,1
"B2584A_D",0,1,2,0,0,2,0
"B2404A_D",2,2,0,2,2,0,2
"B2808A_D",2,2,2,0,0,2,0
"B2460A_D",1,2,1,2,2,1,1
"B2503A_D",2,2,0,2,2,0,2
"B2802A_D",1,1,1,1,1,1,1
"B2783A_D",2,2,1,1,1,1,1
"B2533A_D",2,2,0,2,2,0,2
"B2551A_D",0,2,2,0,0,2,0
"B2413A_D",0,0,1,2,2,1,1
"B2784A_D",0,0,2,0,0,2,0
"B2581A_D",1,1,1,1,1,1,1
"B2530A_D",0,2,2,1,1,2,0
"B2793A_D",2,2,0,2,2,0,2
"B2487A_D",0,0,2,0,0,2,0
"B2472A_D",1,2,1,1,1,1,1
"B2809A_D",2,2,1,1,2,0,2
"B2486A_D",1,1,1,1,1,1,1
"S2588A_D",0,0,2,0,0,2,0
"B2641A_D",1,1,1,1,1,1,1
"B2449A_D",1,1,1,1,1,1,1
"B2838A_D",2,2,0,2,2,0,2
"S2895A_D",2,2,1,1,1,1,1
"B2792A_D",1,1,0,2,2,0,2
"B2812A_D",0,0,2,0,0,2,0
"B2485A_D",2,2,0,2,2,0,2
"B2563A_D",2,2,1,1,1,1,1
"B2798A_D",2,2,0,2,2,0,2
"B2529A_D",1,1,1,1,1,1,1
"B2499A_D",1,2,1,1,1,1,1
"B2788A_D",0,1,1,2,2,1,2
"B2481A_D",0,1,1,2,2,1,1
"B2796A_D",1,1,1,1,1,1,1
"B2633A_D",1,2,1,1,1,1,1
"S2589A_D",0,0,2,0,0,2,0
"S2899A_D",1,2,1,1,1,1,1
"B2613A_D",1,2,2,2,2,2,1
"B2428A_D",2,2,0,2,2,0,2
"S2830A_D",2,2,1,1,1,1,1
"B2621A_D",1,1,1,1,1,1,1
"S2545A_D",1,1,1,1,1,1,1
"S2880A_D",0,0,2,0,0,2,0
"S2594A_D",0,0,1,1,1,1,0
"B2426A_D",2,2,0,2,2,0,2
"B2837A_D",2,2,1,1,1,1,1
"B2242A_D",1,1,2,0,0,2,0
"B2243A_D",2,2,1,1,1,1,1
"B2244A_D",2,2,0,2,2,0,1
"B2245A_D",0,0,2,0,0,2,0
"B2259A_D",2,2,0,2,2,0,2
"B2281A_D",1,2,2,1,1,2,1
"B2285A_D",2,2,0,2,2,0,2
"B2295A_D",1,1,1,1,1,1,1
"B2297A_D",1,2,2,2,2,2,1
"B2301A_D",0,0,1,2,2,0,2
"B2303A_D",1,1,0,2,2,0,2
"B2307A_D",0,1,2,0,0,2,0
"B2308A_D",1,1,1,1,1,1,1
"B2312A_D",1,1,1,1,1,1,1
"B2314A_D",1,2,1,1,1,1,1
"B2315A_D",1,1,1,1,1,1,1
"B2316A_D",1,1,0,2,2,0,2
"B2319A_D",1,1,2,0,0,2,0
"B2325A_D",0,1,2,0,0,2,0
"B2326A_D",1,2,1,1,1,1,1
"B2327A_D",1,1,1,1,1,1,1
"B2334A_D",2,2,0,2,2,0,2
"B2335A_D",1,2,2,0,0,2,0
"B2336A_D",2,2,0,2,2,0,2
"B2337A_D",2,2,0,2,2,0,2
"B2340A_D",2,2,0,2,2,0,2
"B2342A_D",1,1,1,1,1,1,1
"B2343A_D",2,2,0,2,2,0,2
"B2345A_D",1,1,1,1,1,1,1
"B2346A_D",1,1,1,1,1,1,1
"B2353A_D",1,1,1,1,1,1,1
"B2356A_D",1,1,2,0,0,2,0
"B2357A_D",2,2,0,2,2,0,2
"B2358A_D",0,1,2,0,0,2,0
"B2364A_D",0,0,2,0,0,2,0
"B2367A_D",1,2,2,0,0,2,0
"B2371A_D",1,1,1,1,1,1,1
"B2373A_D",1,1,1,1,1,1,1
"B2378A_D",2,2,0,2,2,0,2
"B2380A_D",2,2,1,1,1,1,1
"B2381A_D",1,1,1,1,1,1,1
"B2382A_D",2,2,0,2,2,0,2
"B2383A_D",1,1,1,1,1,1,1
"B2384A_D",0,1,2,0,0,2,0
"B2385A_D",0,2,2,1,1,2,1
"B2388A_D",2,2,1,1,1,1,1
"B2392A_D",1,1,1,1,1,1,1
"B2652A_D",0,0,2,0,0,2,0
"B2653A_D",1,1,1,1,1,1,1
"B2654A_D",1,1,1,1,1,2,0
"B2660A_D",2,2,0,2,2,0,2
"B2661A_D",0,1,2,0,0,2,0
"B2662A_D",1,1,1,1,1,1,1
"B2669A_D",1,1,1,1,1,1,1
"B2670A_D",2,2,0,2,2,0,2
"B2672A_D",2,2,0,2,2,0,2
"B2674A_D",1,1,1,1,1,1,1
"B2676A_D",2,2,0,2,2,0,2
"B2680A_D",0,1,1,1,1,1,1
"B2684A_D",0,0,2,0,0,2,0
"B2698A_D",2,2,0,2,2,0,1
"B2700A_D",2,2,1,1,1,1,1
"B2703A_D",0,1,0,2,2,0,1
"B2714A_D",0,0,2,0,0,2,0
"B2716A_D",0,2,2,1,1,2,1
"B2717A_D",2,2,0,2,2,0,2
"B2719A_D",1,2,2,0,0,2,0
"B2720A_D",0,0,2,0,0,2,0
"B2722A_D",2,2,0,2,2,0,2
"B2724A_D",1,2,1,1,1,1,1
"B2727A_D",1,1,1,1,1,1,1
"B2731A_D",0,0,2,0,0,2,0
"B2742A_D",2,2,1,1,1,1,1
"B2743A_D",1,1,2,0,0,2,0
"B2744A_D",2,2,1,1,1,1,1
"B2746A_D",2,2,0,2,2,0,2
"B2748A_D",1,1,1,1,1,1,1
"B2749A_D",2,2,0,2,2,0,2
"B2750A_D",1,1,1,1,1,1,1
"B2751A_D",2,2,1,1,1,1,1
"B2753A_D",1,1,1,1,1,1,1
"B2754A_D",2,2,0,2,2,0,2
"B2765A_D",2,1,0,2,2,0,2
"B2766A_D",1,1,0,2,2,0,2
"B2773A_D",0,1,1,2,2,1,1
"B2775A_D",2,2,1,1,1,1,1
"B2776A_D",1,1,1,1,1,1,1
"B2778A_D",2,2,1,1,1,1,1
"B2820A_D",1,1,1,1,1,1,1
"B2822A_D",2,2,0,2,2,0,2
"B2862A_D",0,1,2,1,1,2,1
"B2865A_D",0,0,2,0,0,2,0
"B2866A_D",2,2,0,2,2,0,2
"B2902A_D",0,0,2,0,0,2,0
"B2903A_D",1,2,0,2,2,0,2
"B2906A_D",2,2,0,2,2,0,2
"B2907A_D",0,2,2,2,2,2,0
"B2909A_D",1,1,1,1,1,1,1
"B2911A_D",1,1,1,2,2,1,1
"B2913A_D",0,2,1,2,2,1,1
"B2915A_D",1,2,1,1,1,1,1
"B2918A_D",2,2,0,2,2,0,2
"B2919A_D",0,1,2,0,0,2,0
"B2921A_D",0,1,2,1,1,2,0
"B2922A_D",1,1,1,1,1,1,1
"B2928A_D",1,1,2,0,0,2,0
"B2929A_D",0,0,0,2,2,0,2
"B2932A_D",1,1,1,1,1,0,2
"B2933A_D",0,1,2,0,0,2,0
"B2937A_D",1,1,1,1,1,1,1
"S2313A_D",0,0,2,0,0,2,0
"S2317A_D",1,1,1,1,1,1,1
"S2329A_D",0,2,1,2,2,1,0
"S2330A_D",2,2,0,2,2,0,2
"S2362A_D",0,0,2,0,0,2,0
"S2377A_D",1,2,1,1,1,1,1
"S2648A_D",1,2,1,2,2,1,2
"S2651A_D",1,2,1,1,1,1,1
"S2659A_D",1,2,2,0,0,2,0
"S2663A_D",0,1,2,1,1,2,0
"S2666A_D",0,2,2,2,2,2,1
"S2667A_D",2,2,1,1,1,1,1
"S2673A_D",1,1,1,1,1,1,1
"S2697A_D",1,1,1,1,1,1,1
"S2707A_D",1,1,1,1,1,1,1
"S2713A_D",1,1,0,2,2,0,2
"S2718A_D",0,1,1,1,1,1,1
"S2745A_D",0,0,1,2,2,1,0
"S2755A_D",0,0,2,1,1,2,1
"S2756A_D",2,2,0,2,2,0,2
"S2762A_D",2,2,0,2,2,0,2
"S2768A_D",1,1,1,1,1,1,1
"S2779A_D",1,1,2,0,0,2,0
"S2904A_D",0,0,0,2,2,0,2
"S2910A_D",0,0,2,0,0,2,0
"S2917A_D",0,1,2,0,0,2,0
"S2920A_D",2,2,1,1,1,1,1
"S2923A_D",1,1,1,1,1,1,1
"S2927A_D",2,2,0,2,2,0,2
"S2938A_D",1,1,1,1,1,1,1
"B1941A_D",1,1,1,1,1,1,1
"B1922A_D",0,1,2,0,0,2,0
"B1923A_D",0,0,2,0,0,2,0
"B1926A_D",0,1,1,1,1,0,2
"B1970A_D",2,2,0,2,2,0,2
"B1971A_D",2,2,0,2,2,0,2
"B1972A_D",1,1,1,1,1,1,1
"S1949A_D",0,1,1,2,2,1,2
"S1969A_D",0,0,2,0,0,2,0
"B1961A_D",1,1,1,1,1,1,1
"S1958A_D",2,2,1,1,1,1,1
"B1795A_D",1,1,1,1,1,1,1
"B1796A_D",0,0,2,0,0,2,0
"B1798A_D",2,2,1,1,1,1,1
"B1799A_D",0,0,2,0,0,2,0
"B1808A_D",2,2,0,2,2,0,2
"B1811A_D",1,1,0,2,2,0,2
"B1812A_D",0,0,2,0,0,2,0
"B1804A_D",0,0,1,1,1,1,0
"B1805A_D",2,2,1,1,1,1,1
"B1806A_D",0,0,2,0,0,2,0
"B1809A_D",0,2,2,2,2,2,1
"B1803A_D",2,2,0,2,2,0,2
"B1797A_D",1,2,2,1,1,2,1
"B1800A_D",0,0,2,0,0,2,0
"B1801A_D",1,1,1,1,1,1,1
"B1802A_D",1,2,0,2,2,0,2
"B1944A_D",1,1,0,2,2,0,2
"B1946A_D",0,1,2,0,0,2,0
"B1947A_D",2,2,0,2,2,0,2
"B1951A_D",1,1,1,1,1,1,1
"S1943A_D",2,2,1,1,1,1,1
"S1945A_D",2,2,0,2,2,0,2
"S1948A_D",1,1,0,2,2,0,2
"B1938A_D",2,2,1,1,1,1,1
"S1933A_D",2,2,0,2,2,0,2
"S1934A_D",0,0,1,1,1,1,0
"B1928A_D",2,2,1,1,1,1,1
"B1929A_D",2,2,0,2,2,0,2
"B1930A_D",2,2,0,2,2,0,2
"B1931A_D",1,1,1,1,1,1,1
"B1935A_D",1,1,0,1,1,1,1
"S1932A_D",1,2,2,1,1,2,0
"B1939A_D",2,2,0,2,2,0,2
"B1940A_D",1,1,1,1,1,1,1
"B2271A_D",1,1,1,1,1,1,1
"B2249A_D",1,1,1,1,1,1,1
"B2250A_D",1,1,1,1,1,1,1
"B2251A_D",1,2,1,1,1,1,1
"B2252A_D",0,0,1,1,1,1,1
"S2255A_D",1,1,1,1,1,1,1
"B2254A_D",1,1,1,1,1,1,1
"B2261A_D",1,1,2,0,0,2,0
"B2267A_D",2,2,1,1,1,1,1
"B2266A_D",0,0,2,0,0,2,0
"S1960A_D",2,2,1,1,1,2,0
"B1965A_D",0,0,2,0,0,2,0
"S1963A_D",2,2,1,1,1,1,1
"B1988A_D",0,0,2,0,0,2,0
"B1991A_D",1,2,1,2,2,1,2
"B1992A_D",1,2,1,1,1,1,1
"B1995A_D",1,2,1,1,1,1,1
"B1998A_D",0,0,2,0,0,2,0
"B1985A_D",0,0,0,2,2,0,1
"B1986A_D",2,2,0,2,2,0,2
"B1979A_D",1,1,1,1,1,1,1
"B1981A_D",0,0,2,0,0,2,0
"B1984A_D",0,0,1,1,1,1,1
"S1978A_D",1,1,1,1,1,1,1
"B1974A_D",0,1,2,1,1,2,NA
"B2273A_D",1,1,1,1,1,0,2
"B1983A_D",2,2,1,1,1,1,1
"B2053A_D",0,0,2,0,0,2,0
"B2056A_D",0,0,2,0,0,2,0
"S2054A_D",1,1,1,1,1,1,1
"B2041A_D",0,0,2,0,0,2,0
"B2045A_D",2,2,0,2,2,0,2
"B2046A_D",1,1,1,1,1,1,1
"B2276A_D",2,2,0,2,2,0,2
"B2274A_D",1,1,1,1,1,1,1
"B2048A_D",1,2,1,2,2,1,1
"B2050A_D",1,2,1,0,0,2,0
"B2057A_D",1,2,1,1,1,1,1
"B2061A_D",1,1,1,1,1,1,1
"B2062A_D",1,2,1,1,1,1,1
"B2063A_D",1,2,1,1,1,1,1
"B2064A_D",1,1,1,1,1,1,1
"B2065A_D",0,1,1,1,1,1,1
"B2901A_D",1,1,1,1,1,1,1
"B2066A_D",1,1,1,1,1,0,1
"B2067A_D",2,2,2,0,0,2,0
"B2074A_D",1,1,1,1,1,1,1
"B2076A_D",1,1,1,1,1,1,1
"B2079A_D",0,0,2,0,0,2,0
"B2081A_D",1,1,1,1,1,1,1
"S2075A_D",0,0,2,0,0,2,0
"B2882A_D",1,1,1,1,1,1,1
"B2071A_D",2,2,0,2,2,0,2
"B2072A_D",2,2,0,2,2,0,2
"S2073A_D",2,2,0,2,2,0,2
"B2093A_D",1,2,2,1,1,2,0
"B2094A_D",2,2,0,2,2,0,2
"B2095A_D",1,1,1,1,1,1,1
"B2084A_D",0,1,2,0,0,2,0
"B2085A_D",2,2,0,2,2,0,2
"B2086A_D",1,1,1,1,1,1,1
"B2089A_D",1,2,1,1,1,1,1
"B2090A_D",1,1,1,1,1,1,1
"B2101A_D",2,2,0,2,2,0,2
"S2096A_D",2,2,0,2,2,0,2
"B2087A_D",1,2,1,1,1,1,1
"B2088A_D",1,1,2,0,0,2,0
"B2091A_D",1,2,0,2,2,0,2
"B2092A_D",1,2,1,1,1,1,1
"B2082A_D",1,1,1,1,1,1,1
"B2083A_D",1,1,1,1,1,1,1
"B2110A_D",1,2,1,1,1,1,1
"B2113A_D",0,0,2,0,0,2,0
"S2114A_D",2,2,0,2,2,0,2
"B2111A_D",2,2,1,1,1,1,1
"B2112A_D",1,1,1,1,1,1,1
"B2115A_D",0,2,2,2,2,2,1
"B2103A_D",0,0,2,0,0,2,0
"B2106A_D",1,1,1,1,1,1,1
"S2108A_D",2,2,0,2,2,0,2
"B2099A_D",0,0,2,0,0,2,0
"B2100A_D",0,2,2,2,2,1,2
"B2104A_D",2,2,1,1,1,1,1
"B2107A_D",2,2,0,2,2,0,2
"B2130A_D",1,2,1,1,1,1,1
"B2135A_D",2,2,0,2,2,0,2
"B2128A_D",1,1,1,1,1,1,1
"B2129A_D",2,2,0,2,2,0,2
"B2132A_D",2,2,1,1,1,1,1
"B2123A_D",1,2,0,2,2,0,2
"B2126A_D",1,1,2,0,0,2,0
"B2127A_D",2,2,1,1,1,1,1
"B2118A_D",0,0,2,0,0,2,0
"B2120A_D",1,1,1,1,1,1,1
"B2125A_D",0,1,2,1,1,2,1
"S2119A_D",1,1,1,1,1,1,1
"S2124A_D",1,1,1,1,1,1,1
"B2134A_D",0,0,2,0,0,2,0
"B2136A_D",2,2,1,1,1,1,1
"B2167A_D",1,1,1,1,1,1,1
"B2169A_D",1,1,0,2,2,0,2
"B2171A_D",2,2,1,1,1,1,1
"B2174A_D",0,0,2,0,0,1,1
"B2179A_D",0,0,2,0,0,2,0
"B2180A_D",1,1,1,1,1,1,1
"B2181A_D",2,2,0,2,2,0,2
"B2182A_D",0,1,1,2,2,1,2
"B2191A_D",2,2,0,2,2,0,2
"B2185A_D",2,2,0,2,2,0,2
"B2186A_D",2,2,0,2,2,0,2
"B2187A_D",0,2,2,1,1,2,0
"B2189A_D",0,0,2,0,0,2,0
"B2192A_D",2,2,1,1,1,1,1
"S2190A_D",1,2,1,1,1,1,1
"B2193A_D",0,1,2,0,0,2,0
"B2194A_D",1,2,1,2,2,1,2
"B2195A_D",2,2,0,2,2,0,2
"B2196A_D",0,1,2,0,0,2,0
"B2201A_D",0,0,2,1,1,2,0
"S2197A_D",1,2,1,1,1,1,1
"B2214A_D",2,2,0,2,2,0,2
"B2215A_D",1,1,1,1,1,1,1
"B2216A_D",2,2,0,2,2,0,2
"B2217A_D",1,2,1,1,1,1,1
"B2221A_D",2,2,1,1,1,1,1
"B2222A_D",1,1,2,0,0,2,0
"B2211A_D",1,1,2,0,0,2,0
"B2212A_D",2,2,2,0,0,2,0
"B2213A_D",2,1,0,2,2,1,1
"B2219A_D",1,1,2,0,0,2,0
"S2218A_D",1,1,1,1,1,1,1
"B2224A_D",1,2,1,1,1,1,1
"B2226A_D",2,2,0,2,2,0,2
"S2225A_D",1,2,1,1,1,1,1
"B2204A_D",1,1,1,1,1,1,1
"B2205A_D",1,2,1,1,1,1,1
"B2207A_D",0,1,1,1,1,2,0
"B2208A_D",2,2,1,1,1,1,1
"B2209A_D",1,1,1,1,1,1,1
"B2210A_D",1,1,1,1,1,1,1
"B2203A_D",0,0,2,0,0,2,0
"B1980A_D",1,1,1,1,1,1,1
"B2047A_D",2,2,1,1,1,1,1
"B2058A_D",1,1,2,0,0,2,0
"B2060A_D",0,0,2,0,0,2,0
"B2068A_D",1,1,0,2,2,0,2
"B2069A_D",1,1,0,2,2,0,2
"B2183A_D",0,1,2,1,1,2,1
"B2198A_D",1,1,1,1,1,1,1
"B1696A_D",1,1,1,1,1,1,1
"B1671A_D",2,2,0,2,2,0,2
"S2464A_D",1,1,1,1,1,1,1
"B1577A_D",1,1,1,2,2,1,1
"B1578A_D",2,2,0,2,2,0,2
"B1687A_D",1,2,1,2,2,1,1
"B1563A_D",1,2,2,0,0,2,0
"B1565A_D",0,2,2,0,0,2,0
"B1566A_D",0,1,1,2,2,0,2
"B2509A_D",1,1,2,0,0,2,0
"B2575A_D",2,2,0,2,2,0,2
"B2606A_D",1,1,1,1,1,1,1
"B2608A_D",1,2,1,1,1,1,1
"B2474A_D",0,1,2,0,0,2,0
"B2475A_D",1,1,1,1,1,1,1
"B2553A_D",0,0,2,0,0,2,0
"S2471A_D",1,1,1,2,2,1,1
"B2558A_D",0,1,1,1,1,1,1
"B2420A_D",0,0,1,1,1,1,1
"B1389A_D",1,1,1,1,1,1,1
"B1390A_D",2,2,0,2,2,0,2
"B1391A_D",0,2,1,2,2,1,1
"B1392A_D",1,2,1,1,1,1,1
"B1393A_D",1,1,1,1,1,1,1
"B1395A_D",1,1,1,1,1,1,1
"B1379A_D",1,2,1,1,1,1,1
"B1380A_D",1,2,1,1,1,1,1
"B1381A_D",0,0,2,0,0,2,0
"B1673A_D",0,0,1,2,2,1,1
"B1674A_D",2,2,0,2,2,0,2
"B1676A_D",1,1,1,1,1,1,1
"B2003A_D",2,2,1,1,1,1,1
"B2007A_D",2,2,0,2,2,0,2
"B2008A_D",2,2,1,1,1,1,1
"B2009A_D",2,2,0,2,2,0,2
"B1994A_D",2,2,0,2,2,0,2
"B2000A_D",1,1,1,1,1,1,1
"B2001A_D",0,0,2,0,0,2,0
"B2002A_D",2,2,0,2,2,0,2
"B2004A_D",0,1,2,0,0,2,0
"B1724A_D",0,0,2,0,0,2,0
"B2031A_D",0,1,2,0,0,2,0
"B2032A_D",0,0,1,1,1,1,1
"B2033A_D",1,1,1,1,1,1,1
"B1713A_D",1,1,2,0,0,2,0
"B1714A_D",0,0,2,0,0,2,0
"B2038A_D",0,0,2,0,0,2,0
"B2043A_D",1,2,1,1,1,1,1
"B2044A_D",1,1,1,1,1,1,1
"B1606A_D",2,2,0,2,2,0,2
"B1607A_D",1,2,1,2,2,2,1
"B1608A_D",0,0,2,0,0,2,0
"B1609A_D",2,2,1,1,1,1,1
"B1623A_D",0,0,2,0,0,2,0
"B1625A_D",2,2,0,2,2,0,2
"B1626A_D",2,2,0,2,2,0,2
"B1703A_D",0,1,2,0,0,2,0
"B1706A_D",1,1,1,1,1,1,1
"B1707A_D",2,2,1,1,1,1,1
"B1826A_D",1,1,1,1,1,1,1
"B1827A_D",1,1,2,0,0,2,0
"B1828A_D",1,1,0,2,2,0,2
"B1829A_D",2,2,0,2,2,0,2
"B1830A_D",2,2,1,1,1,1,1
"B1831A_D",2,2,0,2,2,0,2
"B1621A_D",1,1,1,1,1,1,1
"B1622A_D",2,2,0,2,2,0,2
"B1913A_D",1,1,1,1,1,1,1
"B1915A_D",1,1,1,1,1,1,1
"B1731A_D",2,2,0,2,2,0,2
"B1882A_D",0,0,2,0,0,2,0
"B1732A_D",0,1,2,1,1,2,1
"B1735A_D",1,1,1,1,1,1,1
"B2036A_D",0,1,2,2,2,2,2
"B2039A_D",2,2,0,2,2,0,2
"B2040A_D",1,1,1,1,1,1,1
"S2037A_D",1,1,2,0,0,2,0
"B1836A_D",2,2,0,2,2,0,1
"B1837A_D",2,2,0,2,2,0,2
"B1838A_D",1,1,1,1,1,1,1
"B1839A_D",1,1,1,1,1,1,1
"B1684A_D",1,1,1,1,1,1,1
"B1908A_D",1,1,1,1,1,2,0
"B1909A_D",1,1,1,1,1,1,1
"B1645A_D",0,2,2,2,2,2,1
"B1647A_D",2,2,1,1,1,1,1
"B1648A_D",2,2,0,2,2,0,2
"B1650A_D",2,2,1,2,2,0,2
"B1657A_D",1,1,1,1,1,1,1
"B1659A_D",2,2,0,2,2,0,2
"B1660A_D",1,1,1,NA,1,1,1
"B2011A_D",0,2,2,2,2,2,2
"B2012A_D",1,1,1,1,1,1,1
"B2013A_D",0,1,2,0,0,2,0
"B1920A_D",0,0,2,0,0,2,0
"B2138A_D",0,1,1,2,2,1,2
"B2140A_D",2,2,1,1,1,1,1
"B2141A_D",1,1,1,1,1,1,1
"B2142A_D",1,1,1,1,1,1,1
"B2143A_D",0,1,2,1,1,2,0
"B1883A_D",1,1,2,0,0,2,0
"S2021A_D",1,2,1,1,1,1,1
"S2022A_D",1,2,1,2,2,1,2
"B1893A_D",1,2,1,2,2,1,1
"B1896A_D",1,1,1,1,1,1,1
"B1897A_D",1,1,2,0,0,2,0
"B1899A_D",0,0,2,0,0,2,0
"B1907A_D",1,1,1,1,1,1,1
"B2145A_D",1,1,1,1,1,1,1
"B2147A_D",0,2,2,0,0,2,0
"B2149A_D",2,2,1,1,1,1,1
"B1628A_D",1,1,1,1,1,1,1
"B1629A_D",2,2,0,2,2,0,2
"B1630A_D",0,0,2,0,0,2,0
"B2020A_D",1,1,2,0,0,2,0
"B2023A_D",2,2,0,2,2,0,2
"B2024A_D",1,1,1,1,1,1,1
"B1688A_D",0,1,2,1,1,2,0
"B1701A_D",0,1,1,2,2,1,2
"B1702A_D",1,1,0,2,2,0,2
"B1777A_D",1,1,1,1,1,1,1
"B1778A_D",2,2,0,2,2,0,2
"B1779A_D",2,2,0,2,2,0,2
"B1780A_D",1,1,0,2,2,0,1
"B1597A_D",1,1,1,1,1,2,0
"B1887A_D",0,1,1,1,1,1,1
"B2154A_D",2,2,1,1,1,1,1
"B2155A_D",0,0,2,0,0,2,0
"B2156A_D",1,2,2,0,0,2,0
"B1655A_D",1,1,2,0,0,2,0
"B1718A_D",2,2,0,2,2,0,2
"B1719A_D",1,1,1,2,2,0,2
"B1721A_D",1,1,1,1,1,1,1
"B1727A_D",0,1,2,0,0,2,0
"B1728A_D",2,2,0,2,2,0,2
"B1729A_D",1,1,1,1,1,1,1
"B1730A_D",2,2,0,2,2,0,2
"B1746A_D",1,1,1,1,1,1,1
"B1749A_D",1,1,1,1,1,1,1
"B1751A_D",2,2,0,2,2,0,2
"B1752A_D",1,1,1,2,2,1,1
"B1754A_D",1,1,1,1,1,1,1
"B1770A_D",2,2,0,2,2,0,2
"B1771A_D",0,0,2,0,0,2,0
"B1772A_D",2,2,0,2,2,0,2
"B1774A_D",1,1,2,0,0,2,0
"B1775A_D",0,1,1,1,1,1,1
"B1765A_D",0,0,2,0,0,2,0
"B1766A_D",1,1,1,1,1,1,1
"B1767A_D",2,2,1,1,1,1,1
"B1586A_D",2,2,0,2,2,0,2
"B1587A_D",1,1,1,1,1,0,1
"B1588A_D",1,2,1,2,2,1,2
"B1589A_D",1,1,1,1,1,1,1
"B1663A_D",1,2,1,1,1,1,1
"B1665A_D",2,2,0,2,2,0,2
"B1740A_D",2,2,0,2,2,0,2
"B1741A_D",0,1,2,0,0,2,0
"B1742A_D",1,1,2,0,0,2,0
"B1743A_D",1,1,2,0,0,2,0
"B1888A_D",2,2,0,2,2,0,2
"B1818A_D",0,1,2,0,0,2,0
"B1819A_D",0,0,2,2,2,2,1
"B1821A_D",1,1,1,1,1,1,1
"B1822A_D",2,2,0,2,2,0,2
"B1823A_D",2,2,1,1,1,1,1
"B1824A_D",1,1,1,1,1,1,1
"B1825A_D",0,0,2,0,0,1,1
"B1708A_D",1,1,1,1,1,1,1
"B1709A_D",1,1,1,1,1,1,1
"B1710A_D",0,0,2,0,0,2,0
"B1711A_D",0,2,2,1,1,2,1
"B1737A_D",2,2,0,2,2,0,2
"B1738A_D",2,2,1,2,2,1,1
"B1917A_D",1,2,1,2,2,1,2
"B1739A_D",1,1,1,1,1,1,1
"B1755A_D",1,1,1,1,1,1,1
"B1756A_D",0,0,1,1,1,1,1
"B1757A_D",1,1,1,1,1,1,1
"B1761A_D",1,1,2,0,0,2,0
"B1762A_D",1,1,1,1,1,1,1
"B1769A_D",1,2,1,1,1,1,1
"B1610A_D",2,2,0,2,2,0,2
"B1611A_D",1,2,1,1,1,1,1
"B1612A_D",2,2,0,2,2,0,2
"B1781A_D",0,0,1,1,1,1,1
"B1782A_D",0,0,2,0,0,2,NA
"B1900A_D",0,0,2,0,0,2,0
"B1904A_D",0,0,2,0,0,2,0
"B2151A_D",0,0,2,0,0,2,0
"B1590A_D",1,1,1,1,1,1,1
"B1592A_D",0,0,2,0,0,2,0
"B1884A_D",2,2,1,1,1,1,1
"B1885A_D",1,2,1,1,1,1,1
"B1886A_D",0,1,2,0,0,2,0
"B1889A_D",2,2,0,2,2,0,2
"B1599A_D",1,1,1,1,1,1,1
"B1600A_D",2,2,1,1,1,0,2
"B1582A_D",2,2,0,2,2,0,2
"B1583B_D",1,1,1,1,1,1,1
"B1635A_D",1,1,1,1,1,1,1
"B1637A_D",2,2,1,1,1,1,1
"B1638A_D",1,1,2,0,0,2,0
"B1834A_D",2,2,1,1,1,1,1
"B1763A_D",0,0,0,2,2,0,2
"B1613A_D",2,2,0,2,2,0,2
"B1614A_D",2,2,0,2,2,0,2
"B1788A_D",0,1,2,1,1,2,0
"B1790A_D",1,2,1,1,1,1,1
"B1791A_D",2,2,0,2,2,0,2
"B1792A_D",0,0,0,2,2,0,2
"B1793A_D",2,2,0,2,2,0,2
"B1783A_D",2,2,0,2,2,0,2
"B1785A_D",2,2,0,2,2,0,2
"B1678A_D",1,2,1,1,1,1,1
"B1679A_D",1,2,1,1,1,1,1
"B1680A_D",2,2,1,1,1,0,2
"B1681A_D",0,0,2,0,0,2,0
"B1593A_D",1,1,1,1,1,1,1
"B1594A_D",2,2,0,2,2,0,2
"B1595A_D",2,2,0,2,2,0,2
"B1596A_D",1,1,1,1,1,1,1
"B1669A_D",1,1,1,1,1,1,1
"B1670A_D",2,1,0,2,2,0,2
"B1631A_D",1,1,1,1,1,1,1
"B1632A_D",0,0,2,0,0,2,0
"B1685A_D",1,1,1,1,1,1,1
"B1668A_D",1,1,1,1,1,1,1
"B2153A_D",1,1,1,1,1,1,1
"B2015A_D",0,1,2,2,2,2,1
"B2017A_D",0,2,2,0,0,2,0
"B1894A_D",1,1,1,1,1,1,1
"B1895A_D",0,2,2,0,0,2,0
"B1901A_D",1,1,1,1,1,1,1
"B1902A_D",1,1,2,0,0,2,0
"B1603A_D",2,2,0,2,2,0,2
"B1604A_D",2,2,1,1,1,1,1
"B1891A_D",1,2,1,1,1,1,1
"B1892A_D",2,2,0,2,2,0,2
"B1716A_D",2,2,1,1,1,1,1
"B1717A_D",1,1,1,1,1,1,1
"B1567A_D",1,2,0,2,2,0,2
"B1569A_D",1,2,1,2,2,1,2
"B1759A_D",1,1,1,1,1,1,1
"B1878A_D",2,2,0,2,2,0,2
"B1880A_D",0,0,2,0,0,2,0
"B1641A_D",0,1,2,2,2,2,1
"B1642A_D",1,2,1,1,1,1,1
"B1644A_D",1,1,2,0,0,2,0
"B1924A_D",1,1,2,0,0,2,0
"B1570A_D",0,0,2,0,0,2,0
"B1571A_D",0,1,2,0,0,2,0
"B1616A_D",2,2,0,2,2,0,2
"B1617A_D",1,1,1,1,1,1,1
"B1618A_D",1,2,1,1,1,1,1
"B1602A_D",1,2,2,0,0,2,0
"B1575A_D",1,2,1,1,1,1,1
"B1576A_D",2,2,0,2,2,0,2
"B1579A_D",1,1,1,1,1,1,1
"B1580A_D",1,1,1,1,1,1,1
"B1672A_D",0,0,1,1,1,2,0
"B1653A_D",2,2,0,2,2,0,2
"B1661A_D",1,1,1,1,1,0,2
"B1585A_D",1,1,1,1,1,1,1
"B1572A_D",1,2,1,2,2,1,2
"B1573A_D",1,2,1,1,1,1,1
"B1574A_D",1,1,2,0,0,2,0
"B1697B_D",0,1,2,1,1,2,1
"B1698A_D",0,0,1,1,1,1,0
"B1699A_D",0,2,2,1,1,2,0
"B1651A_D",2,2,2,0,0,2,0
"B1694A_D",2,2,0,2,2,0,2
"B1695A_D",2,2,0,2,2,0,2
"B2027A_D",1,1,1,1,1,1,1
"B2030A_D",1,1,1,1,1,1,1
"S2028A_D",1,2,1,1,1,1,1
"B1977A_D",2,2,0,2,2,0,2
"B1715A_D",1,1,1,1,1,1,1
"B1776A_D",0,0,2,0,0,2,0
"B2006A_D",2,2,0,2,2,0,2
"B2052A_D",1,1,1,1,1,1,1
"B2059A_D",2,2,NA,2,2,0,2
"B2070A_D",1,1,2,0,0,2,0
"B2098A_D",1,1,1,1,1,1,1
"B1794A_D",0,0,2,0,0,1,1
"B2268A_D",1,1,1,1,1,1,1
"S2286A_D",1,1,1,1,1,1,1
"B2241A_D",0,0,2,0,0,2,0
"B2234A_D",0,0,2,0,0,2,0
"B2227A_D",1,1,0,2,2,0,2
"B2230A_D",2,2,0,2,2,0,2
"B2148A_D",1,1,1,1,1,1,1
"B2139A_D",1,1,1,1,1,1,1
"B2131A_D",2,2,0,2,2,0,2
"B1906A_D",1,1,1,1,1,1,1
"S1921A_D",1,1,1,1,1,1,1
"B1817A_D",2,2,0,2,2,0,2
"B2035A_D",2,2,1,1,1,1,1
"B1813A_D",1,1,0,2,2,1,1
"B2042A_D",1,2,1,1,1,1,1
"B2240A_D",2,2,0,2,2,0,2
"B2247A_D",1,1,0,2,2,1,2
"S1982A_D",1,1,1,1,1,1,1
"B2233A_D",2,2,0,2,2,0,2
"B1918A_D",0,0,2,0,0,2,0
"B1997A_D",1,1,1,1,1,1,1
"B1747A_D",2,2,0,2,2,0,2
"B1591A_D",1,1,1,1,1,1,1
"B1615A_D",1,2,1,2,2,1,1
"B1619A_D",1,1,1,1,1,1,1
"B1787A_D",0,1,2,0,0,2,0
"B2157A_D",2,2,0,2,2,0,2
"B1975A_D",1,1,1,0,NA,2,0
"B2807A_D",0,0,0,2,2,0,2
"B2805A_D",0,1,2,0,0,2,0
"B1677A_D",0,1,2,0,0,2,0
"B2458A_D",1,1,2,0,0,2,0
"B2442A_D",2,2,0,2,2,0,2
"B2433A_D",1,1,1,1,1,1,1
"B2409A_D",0,0,2,0,0,2,0
"B2496A_D",1,2,1,2,2,1,2
"B2500A_D",2,2,1,1,1,1,1
"B2564A_D",1,1,1,1,1,1,1
"B2893A_D",1,1,1,1,1,1,1
"B2900A_D",1,1,1,1,1,1,1
"S2804A_D",1,1,1,1,1,1,1
"S2892A_D",0,1,2,0,0,2,0
"B2831A_D",1,1,0,2,2,0,2
"B2638A_D",1,2,1,1,1,1,1
"B2531A_D",0,1,2,1,1,2,1
"B2571A_D",1,2,0,1,1,1,1
"S2631A_D",1,1,2,0,0,2,0
"S2712A_D",1,2,0,2,2,0,2
"B2438A_D",0,1,2,0,0,2,0
"B2505A_D",1,1,1,1,1,1,1
"B2602A_D",0,1,1,2,2,1,2
"B2619A_D",2,2,0,2,2,0,2
"B2803A_D",1,1,1,1,1,1,1
"S2348A_D",1,2,0,2,2,0,2
"S2501A_D",1,2,1,2,2,0,2
"S2860A_D",2,2,0,2,2,0,2
"B2721A_D",0,0,2,0,0,2,0
"B2282A_D",0,1,1,1,1,1,1
"B2159A_D",1,1,0,2,2,0,2
"B2172A_D",1,2,1,1,1,1,1
"B2163A_D",1,1,1,1,1,1,1
"B2165A_D",2,2,0,2,2,0,2
"S2386A_D",0,0,2,0,0,2,0
"B1704A_D",1,2,1,1,1,1,1
"B1905A_D",1,1,1,1,1,1,1
"B1964A_D",1,1,2,0,0,2,0
"B1903A_D",0,0,2,0,0,2,0
"B1768A_D",2,2,1,1,1,1,1
"B1760A_D",0,1,1,2,2,1,2
"B1725A_D",2,2,1,1,1,1,1
"B1820A_D",1,1,1,1,1,1,1
"B1956A_D",1,2,2,0,0,2,0
"B1973A_D",0,1,2,0,0,2,0
"B1966A_D",1,1,1,1,1,1,1
"B1967A_D",0,1,1,1,1,1,0
"B1955A_D",1,2,1,2,2,1,2
"B1937A_D",0,0,0,2,2,0,2
"B1936A_D",1,1,1,1,1,1,1
"B2077A_D",0,0,2,0,0,2,0
"B1705A_D",1,1,1,1,1,1,1
"B2299A_D",1,1,0,2,2,0,2
"B0414A_D",0,0,2,0,0,2,0
"B1682A_D",1,2,2,0,0,2,0
"S2683A_D",2,2,1,1,1,1,1
"S2752A_D",0,0,2,0,0,2,0
"S2757A_D",1,1,1,1,1,1,1
"S2709A_D",1,2,1,1,1,1,1
"B2338A_D",0,0,2,0,0,2,0
"B2747A_D",2,2,0,2,2,0,2
"B2708A_D",1,1,1,1,1,1,1
"B2688A_D",2,2,0,2,2,0,2
"B2859A_D",2,2,0,2,2,0,2
"B2655A_D",2,2,0,2,2,1,1
"B2732A_D",1,1,1,1,1,1,1
"B2738A_D",2,2,0,2,2,0,2
"B2270A_D",2,2,0,2,2,0,2
"B2170A_D",2,2,0,2,2,0,2
"B2463A_D",1,1,1,1,1,1,1
"B2624A_D",0,0,1,1,1,1,1
"S2549A_D",2,2,0,2,2,0,2
"B2528A_D",1,1,2,0,0,2,0
"S2492A_D",2,2,1,1,1,1,1
"B2467A_D",2,2,0,2,2,0,2
"B2637A_D",1,1,1,1,1,1,1
"B2366A_D",1,1,1,1,1,1,1
"B2368A_D",0,0,2,0,0,1,1
"B2291A_D",0,2,2,0,0,2,0
"B2379A_D",2,2,0,2,2,0,2
"B2372A_D",2,2,0,2,2,0,2
"S2257A_D",2,2,0,2,2,0,2
"B2644A_D",1,1,0,2,2,0,2
"B2430A_D",1,1,1,1,0,2,0
"S2331A_D",0,1,2,0,0,2,0
"S2782A_D",1,2,1,1,1,1,1
"B1810A_D",1,1,2,0,0,2,0
"B1815A_D",2,2,0,2,2,0,2
"B2223A_D",2,2,0,2,2,0,2
"B1911A_D",2,2,0,2,2,0,2
"B1636A_D",1,1,1,1,1,1,1
"B2176A_D",1,2,1,1,1,1,1
"B1968A_D",0,2,2,1,1,2,1
"B1835A_D",1,1,1,1,1,1,1
"B1807A_D",1,2,1,1,1,1,1
"B1789A_D",2,2,1,1,1,1,1
"B2934A_D",0,1,1,1,1,1,1
"B2632A_D",0,0,2,1,1,2,1
"S2836A_D",1,2,1,1,1,1,1
"B2278A_D",2,2,1,1,1,1,1
"B1620A_D",0,0,2,0,0,2,0
"B2576A_D",1,2,1,1,1,1,1
"B2604A_D",0,0,2,0,0,2,0
"B2436A_D",1,1,0,2,2,0,2
"B2550A_D",2,2,0,2,2,0,2
"B2696A_D",0,0,0,2,2,0,2
"B2158A_D",1,1,1,1,1,1,1
"B2292A_D",2,2,0,2,2,0,2
"B2525A_D",1,1,0,2,2,0,2
"B2781A_D",0,2,2,1,1,2,0
"B2799A_D",1,1,1,1,1,1,1
"S2363A_D",0,1,2,0,0,2,0
"B1639A_D",0,1,1,2,2,1,2
"B1666A_D",1,2,1,2,2,1,2
"B1601A_D",2,2,0,2,2,0,2
"S2869A_D",1,2,1,2,2,1,2
"B1689A_D",0,0,2,0,0,2,0
"B2010A_D",1,1,1,1,1,1,1
"B1700A_D",1,1,1,1,1,1,1
"B2188A_D",2,2,1,1,1,1,1
"B2184A_D",1,1,1,1,1,1,1
"B2173A_D",0,0,2,0,0,1,1
"B1758A_D",1,1,1,1,1,1,1
"B2298A_D",2,2,0,2,2,0,2
"B2117A_D",1,2,1,2,2,1,1
"B2116A_D",2,2,0,2,2,0,2
"B1627A_D",1,1,1,1,1,1,1
"S2403A_D",0,0,2,0,0,2,0
"B2341A_D",1,NA,1,1,1,1,1
"B2344A_D",1,2,1,1,1,1,1
"B2705A_D",2,2,0,2,2,0,2
"B2725A_D",1,2,2,1,1,2,0
"B2656A_D",2,2,0,2,2,0,2
"B1581A_D",1,1,1,1,1,1,1
"B2863A_D",2,2,0,2,2,0,2
"B2675A_D",2,2,1,1,1,1,1
"B2694A_D",0,1,1,2,2,1,2
"B1686A_D",2,2,2,0,0,2,0
"B1869A_D",1,1,1,1,1,1,1
"B1868A_D",2,2,0,2,2,0,2
"B1870A_D",2,2,1,1,1,1,1
"B1872A_D",1,1,1,1,1,1,1
"B1871A_D",0,0,2,0,0,2,0
"B1875A_D",1,2,1,1,1,1,1
"B1745A_D",0,2,2,1,1,1,1
"B1867A_D",0,1,2,0,0,2,0
"B1877A_D",2,2,0,2,2,0,2
"B1662A_D",2,2,0,2,2,0,2
"B1748A_D",1,1,1,1,1,1,1
"B2586A_D",0,0,2,0,0,2,0
"B2302A_D",0,1,1,1,1,1,1
"B2387A_D",1,1,1,1,1,1,1
"115143_D",1,1,2,0,0,2,2
"116405_D",2,1,2,1,1,2,2
"112596_D",2,1,1,2,2,1,1
"112134_D",1,1,1,1,1,1,1
"114150_D",1,1,1,1,1,1,1
"112114_D",1,1,1,1,1,1,1
"112039_D",1,2,2,1,1,2,2
"115200_D",1,2,1,2,2,1,0
"113338_D",2,1,2,0,0,2,2
"112970_D",1,1,1,1,1,1,1
"113494_D",1,1,1,1,1,1,1
"114716_D",1,1,1,1,1,1,1
"112149_D",2,1,2,1,1,2,1
"114223_D",1,1,1,1,1,1,1
"115573_D",2,1,1,1,1,1,1
"112119_D",2,0,0,2,2,0,0
"113738_D",1,1,1,1,1,1,1
"115251_D",0,2,0,2,2,0,0
"116507_D",1,1,1,1,1,1,1
"118753_D",2,1,2,0,0,2,2
"112618_D",2,0,2,NA,0,2,2
"113857_D",1,2,1,1,1,1,1
"112258_D",0,2,1,1,1,1,1
"113154_D",2,0,2,0,0,2,2
"112564_D",1,1,1,1,1,1,1
"112078_D",1,1,2,0,0,2,2
"112335_D",2,2,2,2,2,1,0
"113946_D",2,0,1,1,1,1,0
"116036_D",1,1,1,1,1,1,1
"116304_D",0,2,1,1,1,1,1
"114198_D",1,1,1,1,1,0,0
"112043_D",1,1,1,1,1,1,1
"112951_D",1,2,1,1,1,1,1
"114026_D",2,1,1,1,1,1,2
"112929_D",0,2,0,2,2,0,0
"113397_D",0,2,0,2,2,0,0
"115126_D",1,2,0,2,2,0,0
"115092_D",1,1,1,1,1,1,0
"115780_D",0,2,0,2,2,0,0
"114735_D",0,2,0,2,2,0,0
"112199_D",1,1,2,0,0,2,2
"113917_D",2,0,2,0,0,2,2
"112433_D",2,1,1,2,2,1,0
"113416_D",2,1,1,1,1,1,1
"112902_D",0,2,1,1,1,1,1
"115927_D",1,1,1,1,1,1,1
"113297_D",2,0,0,2,2,0,0
"112802_D",2,2,2,0,0,2,2
"113716_D",1,1,0,2,2,0,0
"112755_D",2,0,2,0,0,2,2
"113699_D",0,2,1,1,1,1,1
"118853_D",2,1,1,2,2,1,0
"113603_D",2,1,0,2,2,0,0
"112464_D",2,1,2,1,1,2,2
"114687_D",1,1,2,0,0,2,2
"112215_D",0,2,2,0,1,1,1
"112736_D",1,1,1,1,1,1,1
"113014_D",1,1,2,0,0,2,2
"115055_D",2,0,2,0,0,2,2
"112652_D",1,1,1,1,1,1,0
"113244_D",1,2,2,0,0,2,2
"116178_D",1,1,1,1,1,1,1
"112817_D",0,2,0,2,2,0,0
"115032_D",1,1,0,2,2,1,1
"114919_D",2,1,2,1,1,2,2
"113384_D",1,1,2,0,0,2,2
"116449_D",1,1,1,1,1,1,1
"112052_D",0,2,0,2,2,0,0
"112232_D",0,2,0,2,2,1,1
"116762_D",1,1,1,1,1,1,1
"118772_D",0,2,1,1,1,1,1
"113321_D",1,2,1,1,1,1,1
"113048_D",1,1,1,1,1,1,1
"113632_D",2,0,2,0,0,2,2
"112286_D",1,1,1,1,1,1,1
"115162_D",2,0,2,0,0,2,2
"114397_D",2,2,1,1,1,1,2
"116347_D",1,2,1,1,1,1,1
"115908_D",0,2,1,1,1,1,1
"113787_D",1,2,2,1,1,2,1
"112789_D",2,1,1,2,2,1,0
"112388_D",1,1,1,1,1,1,1
"116623_D",2,1,0,2,2,0,1
"114382_D",2,1,2,0,0,2,2
"113829_D",2,0,2,0,0,2,2
"114504_D",1,1,1,1,0,2,2
"114890_D",0,2,0,2,2,0,0
"113551_D",0,2,1,1,1,1,1
"118080_D",2,0,2,0,0,2,2
"114365_D",1,1,1,1,1,1,1
"112297_D",1,1,0,2,2,0,0
"118471_D",2,0,2,1,1,2,2
"112170_D",2,1,2,1,1,2,1
"112715_D",1,1,1,1,1,1,1
"118873_D",2,1,1,2,2,1,1
"117990_D",2,0,1,1,1,1,1
"112315_D",1,1,1,1,1,1,1
"115810_D",1,1,2,0,0,1,1
"112675_D",0,2,0,2,2,0,0
"113193_D",0,2,0,2,2,0,0
"113473_D",1,1,1,1,1,1,1
"114139_D",1,1,1,1,1,1,1
"113004_D",2,2,1,2,2,1,0
"118425_D",2,1,2,0,0,2,2
"118025_D",1,2,2,0,0,2,2
"118499_D",1,1,1,1,1,1,1
"117311_D",1,1,2,0,0,2,2
"118236_D",2,1,2,2,2,2,0
"118518_D",2,0,2,0,0,2,2
"117274_D",2,0,2,0,0,2,2
"117183_D",1,2,1,1,1,1,1
"113034_D",1,1,1,1,1,1,1
"115000_D",0,2,0,2,2,1,1
"114822_D",1,2,1,1,1,1,1
"112416_D",0,2,1,1,1,1,1
"112371_D",1,1,1,1,1,1,1
"112089_D",1,1,1,1,1,1,1
"118140_D",0,2,0,2,2,0,0
"116950_D",2,0,1,2,2,1,1
"117218_D",0,2,1,1,1,1,1
"116638_D",1,1,1,1,1,1,1
"116658_D",0,2,0,2,2,0,0
"117659_D",0,2,1,1,1,1,1
"112499_D",2,0,2,0,0,2,2
"117690_D",1,1,0,2,2,0,0
"116927_D",2,1,2,0,0,2,2
"118193_D",1,2,1,1,1,1,1
"116790_D",1,1,1,1,1,1,1
"117612_D",1,1,1,1,1,1,1
"117061_D",0,2,2,0,0,2,2
"117721_D",2,1,0,2,2,0,0
"117349_D",1,1,1,1,1,1,1
"117110_D",1,1,1,1,1,1,1
"117955_D",1,1,1,1,1,1,1
"113129_D",1,1,1,1,1,1,1
"118604_D",0,2,0,2,2,0,0
"116894_D",1,2,1,1,1,1,1
"112517_D",0,2,1,1,1,1,1
"D1682-DS01_D1682",NA,1,1,1,1,1,1
"k38738-D01_D2550",1,1,1,1,1,1,1
"D1975-DS02_D1974",1,NA,0,2,NA,0,2
"K23527-D04_D2250",1,NA,2,0,0,2,0
"D1999-DS01_D1999",2,2,1,1,1,0,2
"D1637-DS03_D1637",2,2,0,2,2,2,0
"K89418-D01_D1069",2,2,1,1,1,1,1
"K15670-D03_D2225",2,2,0,2,2,0,2
"D1799-DS01_D1799",0,0,2,0,0,2,0
"D1388-DS03_D1388",1,1,1,1,NA,1,1
"D1701-DS03_D1701",1,1,1,1,1,1,1
"D1060-DS03_D1060",0,1,2,1,1,2,0
"D1505-DS01_D1505",2,2,0,2,2,0,2
"K60288-D06_D2676",1,1,1,1,1,1,1
"D1405-DS03_D1405",0,0,2,0,0,2,0
"D1753-DS01_D1753",1,1,1,1,1,1,1
"K65909-D01_D2962",1,1,1,1,1,1,1
"D1469-DS01_D1469",1,1,1,1,1,1,1
"D1245-DS02_D1245",2,2,0,2,2,0,2
"K16279-D07_D2118",1,1,1,1,1,1,1
"D1015-DS03_D1015",1,2,1,1,1,1,1
"D1510-DS01_D1510",2,2,0,2,2,0,2
"K59862-D01_D2645",2,1,0,2,2,1,1
"D1447-DS01_D1447",1,1,2,0,0,2,0
"K15684-D02_D2269",2,2,1,1,1,1,1
"D1013-DS03_D1013",2,2,0,2,2,0,2
"D1948-DS03_D1948",1,1,2,0,0,2,0
"D1857-DS01_D1857",1,1,2,0,0,2,0
"D1343-DS02_D1343",2,2,0,2,2,0,2
"D1316-DS03_D1316",2,2,0,2,2,0,2
"D1448-DS03_D1448",0,0,1,1,1,1,1
"D1049-DS03_D1409",1,1,1,1,1,1,1
"k45070-D05_D2404",2,2,0,2,2,0,2
"D1950-DS02_D1950",2,2,1,1,1,1,1
"K70946-D01_D3484",1,1,1,1,1,1,1
"D1782-DS02_D1782",2,2,0,2,2,0,2
"D1255-DS01_D1255",2,2,1,1,1,1,1
"k45177-D08_D2533",2,2,1,1,1,1,1
"K16726-D05_D2198",2,2,0,2,2,0,2
"D1192-DS03_D1192",1,1,1,1,1,2,0
"D1566-DS01_D1566",1,1,1,1,1,1,1
"K15796-D05_D2123",2,2,0,2,2,0,2
"D2091-DS01_D2091",1,1,1,1,1,1,1
"D1818-DS01_D1818",0,1,1,2,2,1,2
"D2083-DS01_D2083",2,2,0,2,2,0,2
"K72413-D01_D3574",1,1,2,0,0,2,0
"K31222-D09_D2259",0,1,1,2,2,1,2
"D1861-DS02_D1861",1,1,1,1,1,1,1
"D1441-DS01_D1441",0,0,2,0,0,2,0
"D1894-DS03_D1894",1,1,1,1,1,1,1
"D1330-DS03_D1330",2,2,0,2,2,0,2
"D1591-DS01_D1591",1,1,2,0,0,2,0
"D1161-DS03_D1161",0,1,1,1,1,1,1
"D1236-DS01_D1236",0,0,1,1,1,1,1
"K15070-D02_D2074",2,2,1,1,1,1,1
"K63607-D09_D2869",0,1,2,1,1,2,0
"D1553-DS01_D1553",1,1,1,1,1,1,1
"D2383-DS01_D2383",0,0,1,1,1,1,1
"K32977-D01_D2485",2,2,0,2,2,0,2
"D1739-DS01_D1739",0,0,2,0,0,2,0
"D1456-DS01_D1456",0,0,2,0,0,2,0
"D1074-DS03_D1074",1,1,1,1,1,1,1
"D1770-DS01_D1770",2,2,0,2,2,0,2
"K54816-D09_D2581",1,1,1,1,1,1,1
"k24807-D01_D1885",0,0,2,0,0,2,0
"D1490-DS01_D1490",2,2,1,1,1,1,1
"D1816-DS03_D1816",1,1,1,1,1,1,1
"D1051-DS03_D1051",2,2,1,1,1,1,1
"D1072-DS03_D1072",1,1,1,1,1,1,1
"K15090-D02_D2116",2,2,0,2,2,0,2
"K70921-D01_D2977",1,1,1,1,1,1,1
"D1470-DS03_D1470",2,2,1,1,1,1,1
"D1188-DS03_D1188",2,2,0,2,2,0,2
"D1856-DS01_D1856",2,2,0,2,2,0,2
"D1173-DS01_D1173",1,1,1,1,1,1,1
"D1539-DS03_D1539",2,2,0,2,2,0,2
"K54781-D01_D2792",1,1,1,1,1,1,1
"D1544-DS03_D1544",1,1,1,1,1,1,1
"K45178-D03_D2403",1,1,1,1,1,1,1
"k44993-D09_D2643",1,1,1,1,1,1,1
"D1817-DS03_D1817",1,2,1,2,2,1,1
"D2889-DS02_D2889",1,1,2,0,0,2,0
"D1209-DS01_D1209",2,2,0,2,2,0,2
"D1825-DS03_D1825",1,1,1,1,1,1,1
"D1024-DS03_D1024",2,2,0,2,2,0,2
"D2023-DS01_D2023",1,1,1,1,1,1,1
"D1435-DS01_D1435",2,2,1,1,1,1,1
"D1097-DS03_D1097",0,0,2,0,0,2,0
"D1105-DS01_D1105",1,1,1,1,1,1,1
"K16744-D09_D2181",2,2,0,2,2,0,2
"D1669-DS02_D1669",1,1,1,1,1,1,1
"D1876-DS03_D1876",1,1,0,2,2,0,2
"K64182-D02_D2199",1,1,1,1,1,1,1
"K69635-D01_D3390",1,1,1,1,1,1,1
"D1433-DS03_D1433",2,2,0,2,2,0,2
"k44735-D03_D2631",1,1,1,1,1,1,1
"K72412-D03_D2845",0,0,2,0,0,2,0
"K64693-D01_D2705",0,1,2,0,0,2,NA
"D1131-DS02_D1131",2,2,0,2,2,0,2
"D1239-DS03_D1239",1,2,1,2,2,1,2
"D1563-DS01_D1563",1,1,1,1,1,1,1
"K63727-D02_D2879",0,0,2,0,0,2,0
"D1736-DS03_D1736",1,1,1,1,1,1,1
"D1643-DS03_D1643",1,1,1,1,1,1,1
"D1540-DS03_D1540",2,2,0,2,2,0,2
"K63693-D06_D2756",2,2,0,2,2,0,2
"D1494-DS01_D1494",2,2,1,1,1,1,1
"D1404-DS03_D1404",2,2,0,2,2,0,2
"D1364-DS03_D1364",1,1,1,1,1,1,1
"D1386-DS03_D1386",2,2,0,2,2,0,2
"D1118-DS03_D1118",2,2,0,2,2,0,2
"K70884-D02_D3575",0,0,2,0,0,2,0
"D1198-DS03_D1198",0,0,2,0,0,2,0
"K59836-D06_D2311",2,2,0,2,2,0,2
"D1781-DS01_D1781",2,2,1,1,1,1,1
"k45663-D05_D2621",0,1,1,2,2,1,2
"D1022-DS03_D1022",2,2,1,1,1,1,1
"D1218-DS01_D1218",1,1,1,1,1,1,1
"D2037-DS01_D2037",1,1,1,1,1,1,1
"D1880-DS02_D1880",2,2,0,2,2,0,2
"K15698-D01_D2270",1,1,0,2,2,0,2
"D1038-DS03_D1038",1,1,1,1,1,1,1
"K18517-D07_D2343",1,2,2,0,0,2,0
"D1339-DS03_D1339",1,1,1,1,1,1,1
"D1466-DS02_D1466",1,1,1,1,1,1,1
"D1107-DS03_D1107",1,1,2,0,0,2,0
"D1062-DS03_D1062",0,2,1,2,2,1,1
"D1167-DS01_D1167",1,1,2,0,0,2,0
"K60512-D05_D2848",0,0,1,1,1,0,2
"D1584-DS01_D1584",1,1,1,1,1,1,1
"D1157-DS03_D1157",1,1,1,1,1,1,1
"D1175-DS03_D1175",2,2,1,1,1,1,1
"k52276-D09_D2725",1,1,2,0,0,2,0
"K73921-D01_D2978",2,2,0,2,2,0,2
"K72237-D02_D3570",2,2,0,2,2,0,2
"k44813-D01_D2032",1,2,2,1,1,2,1
"K74279-D09_D3523",1,1,1,1,1,1,1
"D1474-DS01_D1474",1,2,1,1,1,1,1
"D1124-DS03_D1124",1,1,1,1,1,1,1
"K37727-D05_D2427",0,0,2,0,0,2,0
"D1987-DS03_D1987",2,2,1,1,1,1,1
"D1053-DS03_D1053",1,1,1,1,1,1,1
"D1088-DS02_D1088",1,1,1,1,1,1,1
"K14812-D02_D2043",1,2,1,1,1,1,1
"D1881-DS03_D1881",1,1,2,0,0,2,0
"K66006-D01_D2747",2,2,1,1,1,2,0
"D1577-DS01_D1577",1,1,1,1,1,1,1
"D1602-DS01_D1602",1,1,1,1,1,1,1
"K60455-D08_D2764",0,0,2,2,2,2,0
"D1116-DS03_D1116",1,1,1,1,1,1,1
"K67851-D01_D2989",1,1,1,1,1,1,1
"D1897-DS03_D1897",1,1,0,2,2,0,2
"k45199-D01_D2619",1,1,1,1,1,1,1
"K18927-D02_D2324",1,1,1,1,1,1,1
"D1048-DS03_D1048",1,2,0,2,2,0,2
"K16237-D05_D2120",1,1,2,0,0,2,0
"k35812-D03_D2342",0,0,2,0,0,2,0
"D1740-DS01_D1740",0,0,2,0,0,2,0
"D2024-DS01_D2024",2,2,0,2,2,0,2
"D1532-DS03_D1532",2,2,0,2,2,0,2
"D2555-DS02_D2555",0,0,2,0,0,2,0
"D2536-DS03_D2536",0,0,2,0,0,2,0
"D1159-DS02_D1159",2,2,0,2,2,0,2
"K72330-D01_D3572",0,0,2,0,0,2,0
"D1471-DS01_D1471",1,2,2,0,0,2,0
"D1232-DS03_D1232",2,2,1,1,1,1,1
"D1595-DS01_D1595",0,1,2,0,0,2,0
"K22700-D02_D2256",1,1,1,1,1,1,1
"D1387-DS03_D1387",1,2,1,2,2,1,1
"D1743-DS01_D1743",0,0,2,0,0,2,0
"D1587-DS01_D1587",1,1,1,1,1,1,1
"D1552-DS01_D1552",1,1,2,0,0,2,0
"D1923-DS03_D1923",1,1,2,0,0,2,0
"K59636-D02_D2649",2,2,0,2,2,0,2
"k35867-D09_D2561",1,2,1,1,1,1,1
"k38898-D01_D2537",1,1,1,1,1,1,1
"K65984-D01_D2881",0,1,2,0,0,2,0
"D2001-DS01_D2001",2,2,0,2,2,0,2
"D1620-DS01_D1620",1,1,1,1,1,1,1
"D1528-DS03_D1528",0,1,1,1,1,1,1
"D2647-DS03_D2647",0,0,2,0,0,2,0
"k16096-D04_D2268",1,1,1,1,1,1,1
"D1315-DS03_D1315",0,1,1,1,1,1,1
"K30384-D01_D2251",1,2,2,0,0,2,0
"D1098-DS03_D1098",0,0,2,0,0,2,0
"k35906-D03_D2474",2,2,2,0,0,2,0
"D1502-DS01_D1502",0,1,2,0,0,2,0
"D1472-DS01_D1472",2,2,1,1,1,1,1
"D1186-DS03_D1186",0,0,2,0,0,2,0
"K74463-D02_D3493",0,0,2,0,0,2,0
"K60597-D03_D2842",1,2,0,2,2,0,2
"D1636-DS01_D1636",1,1,1,1,1,1,1
"D1924-DS03_D1924",1,1,1,1,1,1,1
"K74914-D02_D3541",1,1,1,1,1,1,1
"D1113-DS01_D1113",1,1,1,1,1,1,1
"D2036-DS03_D2036",1,1,1,1,1,1,1
"D1042-DS03_D1042",2,2,1,1,1,1,1
"K25990-D09_D2368",1,1,1,1,1,1,1
"K58398-D02_D2778",2,2,0,2,2,0,2
"K72903-D09_D3573",1,1,1,1,1,1,1
"D1648-DS03_D1648",0,0,2,0,0,2,0
"D1708-DS03_D1708",0,0,2,0,0,2,0
"D1056-DS03_D1056",1,1,1,1,1,1,1
"K16724-D08_D2271",0,0,2,0,0,2,0
"K15833-D08_D2165",1,1,1,1,1,1,1
"k40088-D02_D1254",0,0,2,0,0,2,0
"D1090-DS02_D1090",2,2,0,2,2,0,2
"D1503-DS01_D1503",2,2,2,0,0,2,0
"D1432-DS01_D1432",1,1,1,1,1,1,1
"927383-40",1,1,2,0,0,2,0
"917926-40",1,1,1,1,1,1,1
"917925-40",1,1,0,2,2,0,2
"916059-40",1,1,2,1,1,1,1
"926797-40",0,0,2,NA,0,2,0
"924550-40",1,2,1,1,1,1,1
"916060-40",1,1,1,1,1,1,1
"912551-45",2,2,0,2,2,0,2
"924139-40",1,1,1,1,1,1,1
"926386-40",1,1,1,1,1,1,1
"912553-40",2,2,0,2,2,0,2
"913368-40",0,2,2,2,2,2,0
"912554-40",1,1,2,0,0,2,0
"912405-40",1,1,0,2,2,1,2
"916057-40",0,1,2,2,2,2,1
"916058-40",1,1,1,1,1,1,1
"912552-40",1,2,1,1,1,1,1
"913383-40",2,2,0,2,2,0,2
"912407-40",2,2,0,2,2,0,2
"911767-40",1,1,1,1,1,1,1
"911770-40",2,2,1,1,1,1,1
"937011-40",2,2,1,1,1,1,1
"927683-40",1,1,1,1,1,1,1
"913382-40",0,0,1,1,1,1,1
"912406-40",1,1,1,1,1,1,1
"912404-40",1,2,1,1,1,1,1
"924809-40",1,1,1,1,1,1,1
"924808-40",0,0,2,0,0,2,0
"924549-40",1,1,1,1,1,1,1
"927434-40",1,1,1,1,1,1,1
"920498-40",1,1,1,1,1,1,1
"922908-40",1,2,1,1,1,1,1
"929683-40",1,1,1,1,1,1,1
"927435-40",1,1,1,1,1,1,1
"929528-40",0,0,2,0,0,2,0
"926801-40",1,1,1,1,1,1,1
"931328-40",0,0,2,0,0,2,0
"927687-40",1,1,1,1,1,1,1
"928045-40",1,1,2,0,0,2,0
"930142-40",1,1,1,1,1,1,1
"926799-40",2,2,0,2,2,0,2
"930138-40",0,1,2,2,2,2,1
"926355-40",0,0,2,0,0,2,0
"926354-40",2,2,1,1,1,1,1
"928044-40",0,0,2,0,0,2,0
"923530-40",1,1,0,2,2,0,2
"930136-40",0,0,2,0,0,1,1
"922909-40",0,0,1,1,1,1,1
"921610-40",0,0,2,0,0,2,0
"921608-40",1,2,0,2,2,0,2
"921232-40",0,2,2,0,0,2,0
"923529-40",1,1,1,1,1,1,1
"920834-40",2,2,0,2,2,0,2
"904612-40",1,1,1,1,1,1,1
"921605-40",0,0,1,1,1,1,1
"921099-40",2,2,1,1,1,1,1
"921606-40",2,2,1,1,1,1,1
"920662-40",1,1,1,1,1,1,1
"920374-40",1,2,1,1,1,1,1
"936993-40",0,0,2,0,0,2,0
"937038-40",1,2,1,1,1,1,1
"926927-40",1,1,1,1,1,1,1
"924073-40",2,2,0,2,2,0,2
"921231-40",2,2,1,1,1,1,1
"920685-40",0,1,2,1,1,2,0
"919239-40",2,2,0,2,2,0,2
"924810-40",2,2,0,2,2,0,2
"924815-40",1,1,1,1,1,1,1
"920375-40",1,1,1,1,1,1,1
"924814-40",1,1,1,1,1,1,1
"924807-40",1,1,1,1,1,1,1
"935075-40",0,0,2,0,0,2,0
"935047-40",1,1,1,1,1,1,1
"924140-40",2,2,1,1,1,1,1
"920683-40",0,1,2,0,0,2,0
"921100-40",1,1,1,1,1,1,1
"920681-40",0,1,1,1,1,1,1
"920682-40",1,1,2,0,0,2,0
"920680-40",0,2,2,1,1,2,1
"932426-40",2,2,0,2,2,0,2
"932305-40",1,1,1,1,1,1,1
"932751-40",1,1,2,0,0,2,0
"934125-40",0,2,2,1,1,2,1
"911768-40",1,1,1,1,1,1,1
"911237-40",1,1,1,1,1,1,1
"904486-40",0,1,1,2,2,2,2
"904485-40",0,1,2,1,1,2,0
"932304-40",1,1,2,0,0,2,0
"933563-40",2,2,0,2,2,0,2
"926926-40",1,2,1,1,1,1,1
"927433-40",2,2,0,2,2,0,2
"932300-40",1,1,1,1,1,1,1
"932206-40",0,1,2,0,0,2,0
"932749-40",2,2,2,0,0,1,1
"932001-40",2,2,0,2,2,0,2
"924547-40",2,2,1,1,1,1,1
"920655-40",1,1,1,2,2,2,1
"924806-40",0,0,2,0,0,1,1
"924812-40",1,1,1,1,1,1,1
"924141-40",1,1,1,1,1,1,1
"932428-40",1,1,1,1,1,1,1
"932429-40",1,1,1,1,1,1,1
"924142-40",2,2,0,2,2,0,2
"920684-40",1,1,2,0,0,2,0
"930878-40",1,1,1,1,1,1,1
"931327-40",2,2,0,2,2,0,2
"932010-40",2,2,0,2,2,0,2
"932302-40",0,1,2,0,0,2,0
"932427-40",1,1,0,2,2,0,2
"911236-40",1,1,2,0,0,2,0
"937060-40",0,1,2,0,0,2,0
"926802-40",2,2,0,2,2,0,2
"932203-40",0,1,2,0,0,2,0
"935074-40",2,2,0,2,2,0,2
"926804-40",0,0,2,0,0,2,0
"927385-40",0,0,1,1,1,1,1
"930877-40",0,0,2,0,0,2,0
"926805-40",1,2,1,1,1,1,1
"932006-40",0,2,2,1,1,2,1
"932741-40",2,2,0,2,2,0,2
"923526-40",1,1,1,1,1,1,1
"939679-40",2,2,0,2,2,0,2
"939680-40",0,1,2,0,0,2,0
"937931-40",1,2,1,1,1,1,1
"935046-40",1,1,1,1,1,1,1
"936996-40",1,1,2,0,0,2,0
"937064-40",1,1,2,0,0,2,0
"937037-40",0,0,2,0,0,2,0
"947421-40",2,2,1,1,1,1,1
"938507-40",1,1,1,1,1,1,1
"937940-40",2,2,0,2,2,0,2
"946138-40",2,2,1,1,1,1,1
"937061-40",1,1,1,1,1,1,1
"946907-40",2,2,0,2,2,0,2
"948674-40",1,1,1,1,1,1,1
"938512-40",1,1,1,1,1,1,1
"941324-40",1,1,1,1,1,1,1
"935053-40",1,2,1,2,2,1,2
"937933-40",0,0,1,1,1,2,0
"937034-40",1,1,1,1,1,1,1
"947272-40",1,1,1,1,1,1,1
"948703-40",1,1,1,1,1,1,1
"939828-40",0,1,2,0,0,2,0
"937935-40",0,0,2,0,0,2,0
"935045-40",1,1,1,1,1,1,1
"946400-40",1,1,0,2,2,1,1
"935077-40",0,0,2,0,0,2,0
"933706-40",0,1,2,0,0,2,0
"937939-40",NA,1,1,1,1,1,1
"937428-40",2,2,0,2,2,0,2
"946940-40",1,2,2,1,1,2,0
"941243-40",2,2,0,2,2,0,2
"938331-40",1,2,1,1,1,1,1
"938513-40",1,1,1,1,1,1,1
"937932-40",0,0,2,0,0,2,0
"935076-40",2,2,0,2,2,0,2
"936995-40",1,1,1,1,1,1,1
"937010-40",2,2,1,1,1,1,1
"937063-40",2,2,0,2,2,0,2
"948745-40",1,1,1,1,1,1,1
"938511-40",1,1,1,1,1,1,1
"939829-40",1,1,1,1,1,1,1
"936994-40",1,2,2,1,1,2,1
"937937-40",2,2,0,2,2,0,2
"938505-40",0,2,1,2,2,1,1
"946928-40",1,2,1,2,2,1,2
"946908-40",2,2,0,2,2,0,2
"946945-40",1,1,2,0,0,2,1
"930951-40",2,2,0,2,2,0,2
"938508-40",0,0,2,0,0,2,0
"938509-40",1,1,1,1,1,1,1
"941403-40",1,1,1,1,1,1,1
"936992-40",1,2,1,1,1,1,1
"937062-40",2,2,0,2,2,0,2
"947420-40",1,1,1,1,1,1,1
"946914-40",1,1,2,0,0,2,0
"945395-40",0,0,1,1,1,1,0
"946943-40",1,1,2,0,0,2,0
"949112-40",0,0,2,0,0,2,0
"949433-40",1,1,1,1,1,1,1
"946915-40",1,1,1,1,1,1,1
"949605-40",0,2,2,1,1,2,1
"950055-40",0,0,1,1,1,1,1
"938510-40",1,1,1,1,1,1,1
"946916-40",1,1,1,1,1,1,1
"940756-40",1,2,1,1,1,1,1
"941245-40",1,1,2,0,0,2,0
"949662-40",1,1,1,1,1,1,1
"949604-40",0,0,2,0,0,2,0
"948799-40",1,1,1,1,1,1,1
"941244-40",2,2,0,2,2,0,2
"949113-40",2,2,0,2,2,0,2
"946929-40",2,2,0,2,2,0,2
"950508-40",1,2,1,1,1,1,1
"940757-40",1,2,1,1,1,1,1
"948804-40",1,1,2,0,0,2,0
"948675-40",2,2,0,2,2,0,2
"946937-40",0,1,2,0,0,2,0
"949603-40",1,1,1,1,1,1,1
"937030-40",2,2,0,2,2,0,2
"950506-40",1,1,1,1,1,1,1
"937427-40",0,0,2,NA,0,2,0
"952940-40",0,0,2,0,0,2,0
"949606-40",2,2,1,1,1,1,1
"952938-40",1,1,1,1,1,1,1
"950504-40",1,1,2,0,0,2,0
"952911-40",1,1,2,0,0,2,0
"952908-40",1,2,1,1,1,1,1
"952909-40",1,1,0,2,2,0,2
"950505-40",0,2,2,1,1,2,0
"952907-40",1,2,1,1,1,1,1
"953060-40",1,1,1,1,1,1,1
"950458-40",1,1,2,0,0,2,0
"953063-40",1,2,1,1,1,1,1
"946401-40",1,1,1,1,1,1,1
"949607-40",2,2,0,2,2,0,2
"950552-40",1,1,1,1,1,1,1
"B2679A_R",1,2,1,1,1,1,1
"S2771A_R",1,2,1,2,2,1,2
"B2764A_R",1,2,2,0,0,2,0
"B2760A_R",0,0,2,NA,0,2,0
"B2686A_R",1,2,1,1,1,1,1
"S2690A_R",0,0,2,0,0,2,0
"B2701A_R",0,0,2,0,0,2,0
"B2868A_R",0,0,2,0,0,2,0
"B2733A_R",0,1,2,0,0,2,0
"B2706A_R",1,1,1,1,1,1,1
"B2767A_R",2,2,0,2,2,0,2
"B2774A_R",0,1,2,1,1,2,0
"B2692A_R",0,1,2,2,2,2,1
"B2691A_R",2,2,0,2,2,0,2
"B2728A_R",1,1,1,1,1,2,0
"B2737A_R",1,1,1,1,1,1,1
"B2769A_R",1,1,1,1,1,1,1
"S2609A_R",1,1,1,1,1,1,1
"B2361A_R",1,1,2,0,NA,2,0
"B3023A_R",2,2,1,1,1,1,1
"B2300A_R",2,2,0,2,2,0,2
"B2585B_R",2,2,1,1,1,1,1
"B3030A_R",0,0,0,2,2,1,2
"B2689A_R",2,2,0,2,2,0,2
"S2351A_R",1,1,1,1,1,1,1
"B2916A_R",1,1,1,1,1,1,1
"B2339A_R",1,1,1,1,1,1,1
"B2306A_R",1,1,1,1,1,1,1
"B2615A_R",1,1,1,1,1,1,1
"B2277A_R",0,0,2,0,0,2,0
"B2246A_R",1,1,1,1,1,1,1
"S2296A_R",1,1,1,1,1,1,1
"B2309A_R",1,1,1,1,1,1,1
"S2545A_R",0,0,2,0,0,2,0
"S2607A_R",0,0,2,0,0,1,1
"S2560A_R",0,0,2,0,0,2,0
"S2636A_R",1,1,1,1,1,1,1
"S2850A_R",0,0,2,0,0,2,0
"S2801A_R",0,0,2,0,0,2,0
"B2578A_R",0,2,2,2,2,2,1
"B2832A_R",1,1,2,0,0,2,0
"B2515A_R",1,1,2,0,0,2,0
"B2537A_R",1,1,1,1,1,1,1
"S2429A_R",2,2,0,2,2,0,2
"B2894A_R",1,1,2,0,0,2,0
"B2841A_R",1,2,1,2,2,1,2
"B2533A_R",1,1,1,1,1,1,1
"S2790A_R",2,2,0,2,2,0,2
"B2543A_R",2,2,1,1,1,1,1
"B2425A_R",1,1,1,1,1,1,1
"B2426A_R",2,2,0,2,2,0,2
"B2482A_R",2,2,1,1,1,1,1
"B2793A_R",0,1,2,1,1,2,1
"B2872A_R",1,1,1,1,1,1,1
"B2448A_R",0,1,2,0,0,2,0
"B2884A_R",2,NA,0,2,2,0,2
"S2477A_R",2,2,1,1,1,1,1
"S2627A_R",1,1,1,1,1,1,1
"B2462A_R",0,0,2,0,0,2,0
"S2480A_R",1,2,1,2,2,1,2
"B2581A_R",2,2,0,2,2,0,2
"B2612A_R",2,2,1,1,1,1,1
"S2594A_R",1,2,1,2,2,1,1
"B2628A_R",2,2,0,2,2,0,2
"B2418A_R",1,1,2,0,0,2,0
"B2559A_R",2,2,0,2,2,0,2
"B2858A_R",1,0,0,2,2,1,1
"B2897A_R",0,1,2,1,1,2,1
"B2460A_R",0,0,2,0,0,2,0
"B2432A_R",2,2,0,2,2,0,2
"B2816A_R",0,1,0,2,2,0,2
"S2626A_R",1,1,1,1,1,1,1
"B2570A_R",0,0,1,1,1,1,1
"B2563A_R",1,1,1,1,1,1,1
"B2546A_R",0,0,2,0,0,2,0
"S2400A_R",2,2,1,1,1,1,1
"B2562A_R",2,2,0,2,2,0,2
"B2472A_R",1,1,1,1,1,1,1
"B2856A_R",1,1,1,1,1,0,1
"B2834A_R",0,1,1,1,1,1,0
"B2784A_R",0,0,2,0,0,2,0
"S2840A_R",1,1,1,1,1,1,1
"B2639A_R",1,1,2,0,0,2,0
"B2622A_R",0,1,2,0,0,2,0
"B2499A_R",0,0,2,0,0,2,0
"B2427A_R",0,1,1,1,1,1,1
"B2406A_R",2,2,0,2,2,0,2
"B2484A_R",1,2,1,1,1,1,1
"B2494A_R",1,1,1,1,1,1,1
"B2898A_R",1,1,1,1,1,1,1
"B2497A_R",2,2,0,2,2,0,2
"B2873A_R",1,1,1,1,1,1,1
"B2485A_R",1,1,1,1,1,1,1
"B2405A_R",1,1,1,1,1,1,1
"B2441A_R",1,1,2,0,0,2,0
"B2449A_R",1,1,1,1,1,1,1
"B2393A_R",1,1,1,1,1,1,1
"S2572A_R",0,0,2,0,0,2,0
"B2601A_R",1,2,1,2,2,1,1
"B2513A_R",2,2,0,2,2,0,2
"S2854A_R",1,1,1,1,1,1,1
"B2818A_R",1,1,1,1,1,1,1
"B2476A_R",1,1,1,1,1,1,1
"B2552A_R",2,2,1,1,1,1,1
"B2397A_R",0,0,2,0,0,2,0
"S2870A_R",0,0,0,2,2,0,1
"B2453A_R",0,1,2,2,2,2,1
"B2783A_R",1,1,2,0,0,2,0
"B2481A_R",1,1,1,1,1,1,1
"B2809A_R",1,1,1,1,1,1,1
"B2808A_R",0,1,1,1,1,1,1
"B2532A_R",1,1,0,2,2,0,2
"B2540A_R",1,1,1,1,1,1,1
"B2544A_R",1,1,2,0,0,2,0
"B2891A_R",2,2,0,2,2,0,2
"B2470A_R",2,2,0,2,2,0,2
"B2413A_R",2,2,0,2,2,0,2
"B2829A_R",1,1,1,1,1,1,1
"B2479A_R",2,2,0,2,2,0,2
"B2795A_R",1,1,1,1,1,1,1
"S2887A_R",1,1,2,0,0,2,0
"S2853A_R",2,2,0,2,2,0,2
"S2557A_R",1,1,1,2,2,1,1
"S2514A_R",2,2,1,1,1,1,1
"B2584A_R",0,0,2,0,0,2,0
"B2788A_R",2,2,0,2,2,0,2
"B2411A_R",1,1,2,0,0,2,0
"B2529A_R",1,1,1,1,1,1,1
"B2815A_R",0,0,2,0,0,2,0
"B2396A_R",0,2,2,2,2,2,2
"S2899A_R",1,1,0,2,2,0,2
"B2574A_R",1,1,1,1,1,0,2
"S2567A_R",2,2,0,2,2,0,2
"B2633A_R",1,1,1,1,1,1,1
"S2880A_R",0,1,1,1,1,1,1
"B2597A_R",0,0,1,1,1,1,1
"B2600A_R",1,1,0,2,2,0,1
"B2541A_R",1,1,1,1,1,1,1
"B2876A_R",2,2,0,2,2,0,2
"B2551A_R",0,0,1,2,2,1,2
"S2582A_R",1,1,1,1,1,1,1
"B2527A_R",0,1,2,0,0,2,0
"S2806A_R",1,1,1,1,1,1,1
"S2830A_R",1,1,1,1,1,1,1
"B2603A_R",2,2,0,2,2,0,2
"B2839A_R",2,2,0,2,2,0,2
"B2506A_R",2,2,0,2,2,0,2
"B2450A_R",1,1,1,1,1,1,1
"B2454A_R",1,1,1,1,1,1,1
"B2647A_R",1,1,1,1,1,1,1
"B2599A_R",1,1,1,1,1,1,1
"S2456A_R",1,1,2,0,0,2,0
"S2634A_R",1,1,1,1,1,1,1
"B2796A_R",0,1,2,0,0,2,0
"B2398A_R",1,1,2,0,0,2,0
"S2588A_R",2,2,0,2,2,0,2
"B2423A_R",2,2,0,2,2,0,2
"S2855A_R",2,2,1,1,1,1,1
"B2640A_R",1,1,1,1,1,1,1
"S2435A_R",0,1,2,0,0,2,0
"S2895A_R",2,2,1,1,1,1,1
"B2414A_R",2,2,1,1,1,1,1
"B2503A_R",1,1,1,1,1,1,1
"B2617A_R",1,1,1,1,1,1,1
"S2394A_R",0,1,2,0,0,2,0
"B2871A_R",2,2,1,1,1,1,1
"S2554A_R",1,1,2,0,0,2,0
"B2623A_R",1,1,1,1,1,1,1
"S2786A_R",1,1,2,0,0,2,0
"B2498A_R",0,1,1,0,0,2,1
"B2838A_R",1,1,2,0,0,2,0
"B2889A_R",0,1,1,2,2,1,2
"B2548A_R",2,2,0,2,2,0,2
"B2613A_R",2,2,0,2,2,0,2
"B2593A_R",0,2,2,2,2,2,1
"S2488A_R",0,0,2,0,0,2,0
"B2616A_R",1,1,1,1,1,1,1
"S2478A_R",0,1,2,1,1,2,1
"S2780A_R",1,2,2,1,1,2,1
"B2812A_R",2,2,0,2,2,0,2
"B2641A_R",1,1,2,0,0,2,0
"S2561A_R",2,2,0,2,2,0,2
"B2620A_R",1,1,1,1,1,1,1
"S2469A_R",0,1,2,0,0,2,0
"S2811A_R",0,1,2,0,0,2,0
"B2794A_R",1,1,1,1,1,1,1
"B2510A_R",1,1,0,2,2,0,2
"B2530A_R",1,1,2,0,0,2,0
"S2569A_R",0,1,2,0,0,2,NA
"S2512A_R",1,1,1,1,1,1,1
"B2851A_R",0,0,2,0,0,2,0
"B2404A_R",1,1,1,1,1,1,1
"S2511A_R",0,0,2,0,0,2,0
"B2583A_R",0,0,2,0,0,2,0
"S2595A_R",2,2,1,1,1,1,1
"B2495A_R",1,2,0,2,2,0,2
"B2542A_R",1,2,1,2,2,1,2
"B2813A_R",0,0,2,0,0,2,0
"B2566A_R",2,2,1,1,1,1,1
"S2589A_R",1,1,1,1,1,1,1
"B2848A_R",1,1,1,1,1,1,1
"B2395A_R",1,1,1,1,1,1,1
"S2538A_R",1,2,1,2,2,1,1
"B2434A_R",1,1,1,1,1,1,1
"B2792A_R",0,0,2,0,0,2,0
"B2643A_R",0,0,2,0,0,2,0
"B2508A_R",2,2,1,1,1,1,1
"B2879A_R",1,1,1,1,1,1,1
"B2490A_R",0,0,2,0,0,2,0
"B2798A_R",1,1,2,0,0,2,0
"B2555A_R",NA,1,2,0,0,2,0
"B2797A_R",1,1,1,1,1,1,1
"B2451A_R",1,2,1,2,2,1,2
"B2565A_R",2,2,0,2,2,0,2
"B2428A_R",1,1,1,1,1,1,1
"B2486A_R",1,2,1,1,1,1,1
"B2417A_R",2,2,0,2,2,0,2
"S2629A_R",2,2,1,1,1,1,1
"B2493A_R",2,2,1,1,1,1,1
"B2837A_R",1,1,1,1,1,1,1
"B2487A_R",1,1,1,1,1,1,1
"B2621A_R",1,2,0,2,2,0,2
"B2802A_R",1,2,1,1,1,1,1
"B2242A_R",1,1,1,1,1,1,1
"B2243A_R",1,1,1,1,1,1,1
"B2244A_R",2,2,1,1,1,1,1
"B2245A_R",0,0,1,1,1,1,1
"B2259A_R",2,2,1,1,1,1,1
"B2281A_R",1,2,2,0,0,2,0
"B2285A_R",0,2,2,0,0,2,0
"B2295A_R",1,2,0,2,2,0,2
"B2297A_R",2,2,0,2,2,0,2
"B2301A_R",0,0,2,0,0,2,0
"B2303A_R",2,2,0,2,2,0,2
"B2307A_R",0,0,2,0,0,2,0
"B2308A_R",0,1,1,2,2,1,1
"B2312A_R",0,0,1,1,1,1,1
"B2314A_R",0,0,1,1,1,1,1
"B2315A_R",1,1,2,0,0,2,0
"B2316A_R",0,0,2,0,0,2,0
"B2319A_R",0,0,2,0,0,2,0
"B2325A_R",2,2,2,0,0,2,0
"B2326A_R",2,2,1,1,1,1,1
"B2327A_R",1,1,1,1,1,1,1
"B2334A_R",1,1,1,1,1,1,1
"B2335A_R",1,2,1,1,1,1,1
"B2336A_R",1,1,2,1,1,1,1
"B2337A_R",1,2,1,2,2,1,1
"B2340A_R",2,2,2,0,0,2,0
"B2342A_R",1,1,1,1,1,1,1
"B2343A_R",1,1,1,1,1,1,1
"B2345A_R",2,2,0,2,2,0,2
"B2346A_R",2,2,0,2,2,0,2
"B2353A_R",1,1,1,1,1,1,1
"B2356A_R",1,2,1,2,2,1,2
"B2357A_R",0,0,2,0,0,2,0
"B2358A_R",1,1,1,1,1,1,1
"B2364A_R",2,2,0,2,2,0,2
"B2367A_R",0,0,2,0,0,2,0
"B2371A_R",0,0,2,0,0,2,0
"B2373A_R",1,1,1,1,1,1,1
"B2378A_R",0,0,2,0,0,2,0
"B2380A_R",2,2,0,2,2,0,2
"B2381A_R",1,1,1,1,1,1,1
"B2382A_R",1,1,1,1,1,1,1
"B2383A_R",1,1,1,1,1,1,1
"B2384A_R",0,0,2,0,0,2,0
"B2385A_R",1,1,2,0,0,2,0
"B2388A_R",1,1,1,1,1,1,1
"B2392A_R",1,1,1,1,1,1,1
"B2652A_R",1,2,1,1,1,1,1
"B2653A_R",2,2,1,1,1,1,1
"B2654A_R",1,1,1,1,1,1,1
"B2660A_R",2,2,0,2,2,0,2
"B2661A_R",1,1,1,1,1,1,1
"B2662A_R",0,1,2,0,0,2,0
"B2669A_R",1,1,1,1,1,1,1
"B2670A_R",1,1,1,1,1,1,1
"B2672A_R",2,2,0,2,2,0,2
"B2674A_R",1,1,1,1,1,1,1
"B2676A_R",2,2,0,2,2,0,1
"B2680A_R",2,2,1,1,1,1,1
"B2684A_R",0,1,2,0,0,2,0
"B2698A_R",1,1,1,1,1,1,1
"B2700A_R",1,2,1,1,1,1,1
"B2703A_R",1,1,1,1,1,1,1
"B2714A_R",1,1,2,0,0,2,0
"B2716A_R",1,2,1,1,1,1,1
"B2717A_R",2,2,0,2,2,0,2
"B2719A_R",2,2,0,2,2,0,2
"B2720A_R",1,1,1,1,1,1,1
"B2722A_R",2,2,0,2,2,0,2
"B2724A_R",1,1,1,1,1,1,1
"B2727A_R",1,1,2,0,0,2,0
"B2731A_R",1,1,1,1,1,1,1
"B2742A_R",0,0,2,1,1,2,0
"B2743A_R",1,1,2,0,0,2,0
"B2744A_R",1,2,1,1,1,1,1
"B2746A_R",1,1,2,0,0,2,0
"B2748A_R",0,1,2,0,0,2,0
"B2749A_R",0,2,2,1,1,2,1
"B2750A_R",2,2,0,2,2,0,2
"B2751A_R",2,2,0,2,2,0,2
"B2753A_R",1,2,1,1,1,1,1
"B2754A_R",1,1,2,0,0,2,0
"B2765A_R",2,2,0,2,2,0,2
"B2766A_R",2,2,0,2,2,0,2
"B2773A_R",1,1,1,1,1,1,1
"B2775A_R",1,2,1,2,2,1,2
"B2776A_R",1,1,1,1,1,1,1
"B2778A_R",0,1,2,0,0,2,0
"B2820A_R",1,1,1,1,1,1,1
"B2822A_R",2,2,0,2,2,0,2
"B2862A_R",0,1,2,0,0,2,0
"B2865A_R",1,1,2,0,0,2,0
"B2866A_R",1,1,2,0,0,2,0
"B2902A_R",1,1,1,1,1,1,1
"B2903A_R",2,2,1,1,1,1,1
"B2906A_R",1,1,1,1,1,1,1
"B2907A_R",1,2,1,2,2,1,2
"B2909A_R",1,2,1,2,2,1,2
"B2911A_R",2,2,0,2,2,0,2
"B2913A_R",2,2,0,2,2,1,1
"B2915A_R",2,2,0,2,2,0,2
"B2918A_R",0,0,0,2,2,0,2
"B2919A_R",0,0,2,0,0,2,0
"B2921A_R",2,2,0,2,2,0,2
"B2922A_R",0,1,2,1,1,2,1
"B2928A_R",1,1,1,1,1,1,1
"B2929A_R",1,1,1,1,1,1,1
"B2932A_R",1,1,1,1,1,1,1
"B2933A_R",0,0,2,0,0,2,0
"B2937A_R",0,1,1,2,2,1,1
"S2313A_R",2,2,0,2,2,0,2
"S2317A_R",1,1,1,1,1,1,1
"S2329A_R",1,2,1,2,2,1,2
"S2330A_R",1,1,2,0,0,2,0
"S2362A_R",2,2,0,2,2,0,2
"S2377A_R",1,1,1,1,1,1,1
"S2648A_R",1,1,1,1,1,1,1
"S2651A_R",2,2,0,2,2,0,2
"S2659A_R",1,1,1,1,1,1,1
"S2663A_R",1,1,1,1,1,1,1
"S2666A_R",2,2,0,2,2,0,2
"S2667A_R",1,2,1,1,1,1,1
"S2673A_R",1,2,1,1,1,1,1
"S2697A_R",2,2,0,2,2,0,2
"S2707A_R",0,2,2,1,1,2,1
"S2713A_R",2,2,0,2,2,0,2
"S2718A_R",1,1,1,1,1,1,1
"S2745A_R",2,2,0,2,2,0,2
"S2755A_R",2,2,0,2,2,0,2
"S2756A_R",1,1,1,1,1,1,1
"S2762A_R",0,1,2,0,0,2,0
"S2768A_R",0,0,1,1,1,1,0
"S2779A_R",1,1,2,0,0,2,0
"S2904A_R",1,1,2,0,0,2,0
"S2910A_R",0,1,2,1,1,2,1
"S2917A_R",0,0,2,0,0,2,0
"S2920A_R",0,0,2,0,0,2,0
"S2923A_R",0,0,2,0,0,2,0
"S2927A_R",1,1,1,1,1,1,1
"S2938A_R",1,1,1,1,1,1,1
"B1940A_R",1,1,2,0,0,2,0
"B1941A_R",1,2,1,2,2,1,2
"B1922A_R",0,1,2,0,0,2,0
"B1923A_R",2,2,1,1,1,1,1
"B1926A_R",1,2,1,1,1,1,1
"B1971A_R",1,1,0,2,2,1,2
"B1972A_R",2,2,1,1,1,1,1
"S1934A_R",1,2,0,2,2,0,2
"S1949A_R",1,2,1,1,1,1,1
"S1969A_R",2,2,0,2,2,0,2
"B1961A_R",1,1,1,1,1,1,1
"S1958A_R",0,0,2,0,0,2,0
"B1795A_R",1,1,1,1,1,1,1
"B1796A_R",1,2,2,0,0,2,0
"B1798A_R",1,2,1,2,2,1,2
"B1799A_R",0,0,2,0,0,2,0
"B1808A_R",0,1,2,0,0,1,1
"B1811A_R",1,1,1,1,1,1,1
"B1812A_R",2,2,0,2,2,0,2
"B1804A_R",0,1,2,1,1,2,1
"B1805A_R",0,0,2,0,0,2,0
"B1806A_R",2,2,0,2,2,0,2
"B1809A_R",1,1,1,1,1,1,1
"B1803A_R",1,1,1,1,1,1,1
"B1797A_R",1,1,1,1,1,1,1
"B1800A_R",2,2,0,2,2,0,2
"B1801A_R",1,2,0,2,2,0,2
"B1802A_R",1,1,1,1,1,1,1
"B1944A_R",2,2,0,2,2,0,2
"B1946A_R",1,1,1,1,1,1,1
"B1947A_R",1,1,0,2,2,0,2
"B1951A_R",1,1,1,1,1,1,1
"S1943A_R",1,1,1,1,1,1,1
"S1945A_R",0,0,2,0,0,2,0
"S1948A_R",2,2,0,2,2,0,2
"B1656A_R",1,1,0,2,2,0,1
"B1938A_R",2,2,0,2,2,0,2
"S1933A_R",2,2,0,2,2,0,2
"B1928A_R",0,0,2,0,0,2,0
"B1929A_R",1,2,1,1,1,1,1
"B1930A_R",0,2,2,1,1,1,1
"B1931A_R",0,0,2,0,0,2,0
"B1935A_R",1,1,2,0,0,2,0
"S1932A_R",1,1,2,0,0,2,0
"B1939A_R",0,0,2,0,0,2,0
"B2250A_R",1,2,1,1,1,1,1
"B2251A_R",1,1,1,1,1,1,1
"B2252A_R",1,1,2,0,0,2,0
"S2255A_R",2,2,1,1,1,1,1
"B2254A_R",1,1,1,1,1,1,1
"B2261A_R",2,2,0,2,2,0,2
"B2267A_R",1,1,2,0,0,2,0
"B1967A_R",1,1,2,0,0,2,0
"B2266A_R",0,0,2,0,0,2,0
"B2271A_R",0,1,2,1,1,2,1
"S1960A_R",1,1,1,1,1,1,1
"B1965A_R",0,0,2,0,0,2,0
"S1963A_R",2,2,0,2,2,0,2
"B1988A_R",0,1,2,0,0,2,0
"B1991A_R",1,1,1,1,1,1,1
"B1992A_R",1,1,0,2,2,0,2
"B1995A_R",1,1,2,0,0,2,0
"B1998A_R",2,2,1,1,1,1,1
"B1985A_R",2,2,1,1,1,1,1
"B1986A_R",0,0,2,0,0,2,0
"B1979A_R",2,2,1,1,1,1,1
"B1980A_R",1,2,1,1,1,1,1
"B2273A_R",1,1,1,1,1,1,1
"B1981A_R",1,1,1,1,1,1,1
"B1984A_R",2,2,0,2,2,0,2
"S1978A_R",2,2,0,2,2,0,2
"B1983A_R",0,1,1,2,2,2,1
"B2276A_R",1,1,1,1,1,1,1
"B2056A_R",0,0,2,0,0,2,0
"S2054A_R",1,1,1,1,1,1,1
"B2041A_R",2,2,0,2,2,0,2
"B2045A_R",1,1,1,1,1,1,1
"B2047A_R",2,2,1,1,1,1,1
"B2274A_R",2,2,0,2,2,0,2
"B2058A_R",0,1,0,2,2,0,2
"B2060A_R",0,0,1,1,1,1,1
"B2048A_R",1,1,2,0,0,2,0
"B2050A_R",1,1,1,1,1,1,1
"B2057A_R",2,2,0,2,2,0,2
"B2061A_R",2,2,0,2,2,0,2
"B2062A_R",0,1,1,1,1,1,1
"B2063A_R",1,1,1,1,1,1,1
"B2064A_R",1,1,1,1,1,1,1
"B2065A_R",1,1,1,1,1,1,1
"B2067A_R",1,1,1,1,1,2,0
"B2901A_R",2,2,0,2,2,0,2
"B2068A_R",1,2,1,2,2,1,2
"B2074A_R",0,0,2,0,0,2,0
"B2076A_R",1,1,1,1,1,1,1
"B2079A_R",1,1,1,1,1,1,1
"B2081A_R",1,1,2,0,0,2,0
"S2075A_R",0,1,1,1,1,1,1
"B2069A_R",0,1,2,0,0,2,0
"B2071A_R",1,1,2,0,0,2,0
"B2072A_R",0,1,0,2,2,0,1
"S2073A_R",1,1,1,1,1,1,1
"B2882A_R",2,2,1,1,1,1,1
"B2093A_R",2,2,0,2,2,0,2
"B2094A_R",1,1,1,1,1,1,1
"B2095A_R",2,2,1,1,1,1,1
"B2084A_R",0,1,2,1,1,2,1
"B2085A_R",2,2,0,2,2,0,2
"B2086A_R",2,2,0,2,2,0,2
"B2089A_R",0,0,2,0,0,2,0
"B2090A_R",2,2,1,1,1,1,1
"B2101A_R",1,1,1,1,1,1,1
"S2096A_R",2,2,0,2,2,0,2
"B2087A_R",0,0,2,0,0,2,0
"B2088A_R",1,1,0,2,2,0,1
"B2091A_R",2,2,0,2,2,0,2
"B2092A_R",2,2,0,2,2,0,2
"B2082A_R",0,0,2,0,0,2,0
"B2083A_R",0,0,2,0,0,2,0
"B2110A_R",1,1,1,1,1,1,1
"B2113A_R",1,1,1,1,1,1,1
"S2114A_R",0,0,2,0,0,2,0
"B2111A_R",1,1,2,0,0,2,0
"B2112A_R",1,2,1,1,1,1,1
"B2115A_R",2,2,0,2,2,0,2
"B2103A_R",1,1,2,0,0,2,0
"B2106A_R",1,1,1,1,1,1,1
"S2108A_R",2,2,0,2,2,0,2
"B2099A_R",1,2,1,1,1,1,1
"B2100A_R",0,1,2,1,1,2,0
"B2104A_R",1,1,1,1,1,1,1
"B2107A_R",1,1,1,1,1,1,1
"B2130A_R",1,1,1,1,1,1,1
"B2135A_R",1,1,1,1,1,1,1
"B2128A_R",2,2,0,2,2,0,2
"B2129A_R",1,1,1,1,1,1,1
"B2132A_R",1,1,1,1,1,1,1
"B2123A_R",0,1,1,1,1,1,1
"B2126A_R",0,1,1,1,1,1,1
"B2127A_R",1,1,2,0,0,2,0
"B2118A_R",1,2,0,2,2,0,2
"B2120A_R",2,2,1,1,1,1,1
"B2125A_R",0,1,1,1,1,1,1
"S2119A_R",1,1,2,0,0,2,0
"S2124A_R",0,0,2,0,0,2,0
"B2134A_R",1,1,1,1,1,1,1
"B2136A_R",1,1,1,1,1,1,1
"B2167A_R",0,1,2,2,2,2,1
"B2169A_R",1,1,0,2,2,0,2
"B2171A_R",0,0,2,0,0,2,0
"B2174A_R",2,2,0,2,2,0,2
"B2181A_R",1,1,2,0,0,2,0
"B2182A_R",2,2,0,2,2,0,2
"B2183A_R",2,2,0,2,2,0,2
"B2191A_R",1,2,2,0,0,2,0
"B2185A_R",2,2,1,1,1,1,1
"B2186A_R",1,1,1,1,1,1,1
"B2187A_R",1,2,1,2,2,1,2
"B2189A_R",0,0,2,0,0,2,0
"B2192A_R",1,1,1,1,1,1,1
"S2190A_R",2,2,0,2,2,0,2
"B2193A_R",2,2,0,2,2,0,2
"B2194A_R",1,1,1,1,1,1,1
"B2198A_R",2,2,1,1,1,1,1
"B2195A_R",2,2,0,2,2,1,1
"B2196A_R",1,1,1,1,1,1,1
"B2201A_R",1,1,1,1,1,1,1
"S2197A_R",1,1,1,1,1,1,1
"B2214A_R",1,1,1,1,1,1,1
"B2215A_R",0,1,2,1,1,2,1
"B2216A_R",1,1,1,1,1,1,1
"B2217A_R",1,1,2,0,0,2,0
"B2221A_R",1,1,1,1,1,2,0
"B2222A_R",0,0,2,0,0,2,0
"B2211A_R",2,2,0,2,2,0,2
"B2212A_R",1,2,1,1,1,1,1
"B2213A_R",1,1,1,1,1,1,1
"B2219A_R",2,2,1,1,1,1,1
"S2218A_R",0,0,2,0,0,2,0
"B2224A_R",0,0,2,0,0,2,0
"B2226A_R",1,1,1,1,1,0,2
"S2225A_R",1,1,1,1,1,1,1
"B1848A_R",2,2,0,2,2,0,2
"B2204A_R",1,1,1,1,1,1,1
"B2205A_R",1,2,0,2,2,0,2
"B2207A_R",1,2,1,2,2,1,1
"B2208A_R",2,2,0,2,2,0,2
"B2209A_R",1,1,1,1,1,1,1
"B2210A_R",0,1,1,1,1,1,1
"B2203A_R",0,2,2,0,0,2,0
"B1664A_R",0,1,2,1,1,2,0
"B2249A_R",1,1,1,1,1,1,1
"B1974A_R",2,2,1,1,1,1,1
"B2053A_R",1,2,1,1,1,1,1
"B2046A_R",0,2,2,0,0,2,0
"B2066A_R",1,2,1,1,1,1,1
"B2179A_R",2,2,1,1,1,1,1
"B2180A_R",0,1,2,0,0,2,0
"B1696A_R",1,1,1,1,1,1,1
"B1671A_R",0,1,2,0,0,2,0
"S2464A_R",2,2,1,1,1,1,1
"B1577A_R",2,2,1,1,1,1,1
"B1578A_R",1,1,0,2,2,0,2
"B1687A_R",1,1,1,1,1,1,1
"B1563A_R",0,0,2,0,0,2,0
"B1565A_R",2,2,1,1,1,1,1
"B1566A_R",0,0,2,0,0,2,0
"B2509A_R",1,2,2,1,1,2,0
"B0750A_R",2,2,0,2,2,0,2
"B2575A_R",2,2,1,1,1,1,1
"B2606A_R",1,1,1,1,1,1,1
"B2608A_R",1,1,1,1,1,1,1
"B2474A_R",1,1,1,1,1,1,1
"B2475A_R",1,1,1,1,1,1,1
"B2553A_R",1,1,0,2,2,0,2
"S2471A_R",1,1,1,1,1,1,1
"B2558A_R",2,2,0,2,2,0,2
"B2420A_R",0,0,2,0,0,2,0
"B0085A_R",1,1,2,0,0,2,0
"B1970A_R",1,1,1,1,1,1,1
"B1389A_R",1,2,1,1,1,1,1
"B1390A_R",1,1,1,1,1,1,1
"B1391A_R",0,0,2,0,0,2,0
"B1392A_R",1,1,1,1,1,1,1
"B1393A_R",2,2,0,2,2,0,2
"B1395A_R",1,1,1,1,1,1,1
"B1379A_R",0,1,2,1,1,2,0
"B1380A_R",0,0,2,0,0,2,0
"B1381A_R",2,2,0,2,2,0,2
"B1714A_R",1,1,1,1,1,1,1
"B1672A_R",0,0,2,0,0,2,0
"B1673A_R",2,2,1,1,1,1,1
"B1674A_R",2,2,0,2,2,0,2
"B1676A_R",1,1,1,1,1,1,1
"B2003A_R",1,1,2,0,0,2,0
"B2007A_R",2,2,0,2,2,0,2
"B2008A_R",1,1,1,1,1,1,1
"B2009A_R",2,2,0,2,2,0,2
"B1994A_R",1,1,0,2,2,0,2
"B2000A_R",1,2,2,0,0,2,0
"B2001A_R",1,1,2,0,0,2,0
"B2002A_R",1,2,2,0,0,2,0
"B2004A_R",0,2,2,1,1,2,0
"B1724A_R",1,2,1,1,1,1,1
"B2031A_R",0,2,2,1,1,2,1
"B2032A_R",1,1,1,1,1,1,1
"B2033A_R",1,1,1,1,1,1,1
"B1713A_R",2,2,1,1,1,1,1
"B1882A_R",2,2,0,2,2,0,2
"B2038A_R",1,1,1,1,1,1,1
"B2043A_R",2,2,1,1,1,1,1
"B2044A_R",2,2,1,1,1,1,1
"B1606A_R",2,2,1,1,1,1,1
"B1607A_R",0,2,2,0,0,2,0
"B1608A_R",1,1,1,1,1,1,1
"B1609A_R",2,2,0,2,2,0,2
"B1623A_R",0,0,2,0,0,1,1
"B1625A_R",1,2,1,1,1,1,1
"B1626A_R",0,0,2,1,1,2,1
"B1703A_R",1,2,1,1,1,1,1
"B1706A_R",2,2,1,1,1,1,1
"B1707A_R",2,2,1,1,1,1,1
"B1826A_R",0,0,2,0,0,2,0
"B1827A_R",1,1,1,1,1,1,1
"B1828A_R",1,2,1,2,2,1,1
"B1829A_R",2,2,2,0,0,2,0
"B1830A_R",0,1,2,0,0,2,0
"B1831A_R",2,2,0,2,2,0,2
"B1200A_R",1,2,1,1,1,1,1
"B1621A_R",2,2,0,2,2,0,2
"B1622A_R",1,1,1,1,1,1,1
"B1913A_R",1,1,1,1,1,1,1
"B1915A_R",0,0,2,0,0,2,0
"B1732A_R",2,2,0,2,2,0,1
"B1883A_R",0,1,1,2,2,1,2
"B1733A_R",2,2,0,2,2,0,2
"B1735A_R",2,2,1,1,1,1,1
"B2036A_R",1,1,1,1,1,1,1
"B2039A_R",1,1,1,1,1,1,1
"B2040A_R",0,0,2,0,0,2,0
"S2037A_R",2,2,0,2,2,0,2
"B0298A_R",1,2,1,1,1,1,1
"B1836A_R",0,2,2,0,0,2,0
"B1837A_R",1,1,1,1,1,1,1
"B1838A_R",1,1,1,1,1,1,1
"B1839A_R",0,0,2,0,0,2,0
"B1240A_R",0,1,1,1,1,1,1
"B1684A_R",1,1,1,1,1,1,1
"B1908A_R",2,2,1,1,1,1,1
"B1909A_R",1,1,1,1,1,1,1
"B1431A_R",0,1,2,0,0,2,0
"B1645A_R",2,2,0,2,2,0,2
"B1647A_R",1,1,1,1,1,1,1
"B1648A_R",1,2,1,1,1,1,1
"B1650A_R",2,2,0,NA,2,0,2
"B1657A_R",1,1,1,1,1,1,1
"B1659A_R",1,2,1,1,1,1,1
"B1660A_R",0,0,2,0,0,2,0
"B2011A_R",1,2,1,1,1,1,1
"B2012A_R",2,2,1,1,1,1,1
"B2013A_R",0,0,2,0,0,2,0
"B1920A_R",0,1,2,1,1,2,1
"B2138A_R",2,2,0,2,2,0,2
"B2140A_R",1,1,1,1,1,1,1
"B2141A_R",2,2,0,2,2,0,2
"B2142A_R",1,1,1,1,1,1,1
"B2143A_R",2,2,2,0,0,2,0
"S2021A_R",0,0,2,0,0,2,0
"S2022A_R",1,1,2,0,0,2,0
"B1893A_R",0,1,2,0,0,2,0
"B1896A_R",0,0,2,0,0,2,0
"B1897A_R",1,1,1,1,1,1,1
"B1899A_R",2,2,0,2,2,0,2
"B1907A_R",1,1,2,0,0,2,0
"B2145A_R",1,1,1,1,1,1,1
"B2147A_R",2,2,0,2,2,0,2
"B2149A_R",1,1,1,1,1,1,1
"B1628A_R",0,0,2,0,0,2,0
"B1629A_R",1,1,1,1,1,1,1
"B1630A_R",1,1,1,1,1,1,1
"B2020A_R",1,2,2,0,0,2,0
"B2023A_R",2,2,0,2,2,0,2
"B2024A_R",1,1,1,2,2,1,1
"B1688A_R",1,1,1,1,1,1,1
"B1701A_R",2,2,0,2,2,0,2
"B1702A_R",1,1,1,1,1,1,1
"B1777A_R",1,2,1,1,1,1,1
"B1778A_R",0,0,2,0,0,2,0
"B1779A_R",1,1,1,1,1,1,1
"B1780A_R",0,1,2,0,0,2,0
"B1597A_R",1,1,1,1,1,1,1
"B1598A_R",1,1,2,0,0,2,0
"B2154A_R",2,2,0,2,2,0,2
"B2155A_R",2,2,0,2,2,0,2
"B2156A_R",1,2,1,1,1,1,1
"B1655A_R",2,2,1,1,1,1,1
"B1718A_R",0,0,2,0,0,2,0
"B1719A_R",0,1,2,1,1,2,1
"B1721A_R",2,2,1,1,1,1,1
"B1887A_R",1,1,1,1,1,1,1
"B1728A_R",1,1,1,1,1,1,1
"B1729A_R",0,0,2,0,0,2,0
"B1730A_R",1,1,1,1,1,1,1
"B1746A_R",1,1,1,1,1,1,1
"B1749A_R",0,0,2,0,0,2,0
"B1888A_R",1,1,2,0,0,2,0
"B1751A_R",1,1,1,1,1,1,1
"B1752A_R",0,0,2,0,0,2,0
"B1754A_R",1,1,1,1,1,1,1
"B0234A_R",0,0,2,0,0,2,0
"B1770A_R",0,0,1,1,1,1,1
"B1771A_R",1,1,1,1,1,1,1
"B1772A_R",0,1,1,2,2,1,1
"B1774A_R",2,2,0,2,2,0,2
"B1775A_R",1,1,1,1,1,1,1
"B1765A_R",0,0,2,0,1,2,1
"B1766A_R",2,2,1,1,1,1,1
"B1767A_R",1,1,1,1,1,1,1
"B1586A_R",0,1,2,0,0,2,0
"B1587A_R",0,0,2,0,0,2,0
"B1588A_R",1,2,1,1,1,1,1
"B1589A_R",1,1,1,1,1,1,1
"B1663A_R",1,1,1,1,1,1,1
"B1665A_R",1,1,1,1,1,1,NA
"B1740A_R",1,1,0,2,2,0,1
"B1741A_R",1,1,1,1,1,1,1
"B1742A_R",1,1,1,1,1,1,1
"B1743A_R",2,2,1,1,1,1,1
"B1818A_R",2,2,0,2,2,0,2
"B1819A_R",0,1,2,0,0,2,0
"B1821A_R",1,2,1,1,1,1,1
"B1822A_R",0,0,1,1,1,1,1
"B1823A_R",1,1,1,1,1,1,1
"B1824A_R",1,2,1,1,1,1,1
"B1825A_R",2,2,0,2,2,0,2
"B1708A_R",1,1,0,2,2,0,2
"B1709A_R",1,1,1,1,1,1,1
"B1710A_R",0,1,2,0,0,2,0
"B1711A_R",1,1,1,1,1,1,1
"B1737A_R",1,1,1,1,1,1,1
"B1738A_R",1,1,0,2,2,0,2
"B1755A_R",0,0,2,0,0,2,0
"B1756A_R",1,1,1,1,1,1,1
"B1757A_R",2,2,0,2,2,0,2
"B1761A_R",1,1,1,1,1,1,1
"B1762A_R",1,2,1,1,1,1,1
"B1208A_R",2,2,1,1,1,1,1
"B1769A_R",2,2,0,2,2,0,2
"B1610A_R",2,2,1,1,1,1,1
"B1611A_R",2,2,0,2,2,0,2
"B1612A_R",2,2,1,1,1,1,1
"B1781A_R",2,2,0,2,2,0,2
"B1782A_R",1,1,2,0,0,2,0
"B1900A_R",1,1,2,0,0,2,0
"B1904A_R",1,1,1,1,1,1,1
"B2151A_R",0,1,2,0,0,2,0
"B1590A_R",1,1,1,1,1,1,1
"B1592A_R",0,1,1,1,1,1,1
"B1884A_R",1,1,2,0,0,2,0
"B1885A_R",2,2,0,2,2,0,2
"B1886A_R",1,1,1,1,1,1,1
"B1889A_R",1,1,2,0,0,2,0
"B1599A_R",2,2,2,0,0,2,0
"B1600A_R",1,2,1,1,1,1,1
"B1582A_R",2,2,1,1,1,1,1
"B1583B_R",1,1,2,0,0,2,0
"B1635A_R",0,0,2,0,0,2,0
"B1637A_R",1,2,1,1,1,1,1
"B1638A_R",1,1,2,0,0,2,0
"B1834A_R",0,0,1,1,1,1,1
"B1763A_R",2,2,0,2,2,0,2
"B1613A_R",2,2,0,2,2,0,2
"B1614A_R",1,1,0,2,2,1,2
"B1788A_R",2,2,1,1,1,1,1
"B1790A_R",2,2,1,1,1,1,1
"B1791A_R",1,2,1,1,1,1,1
"B1792A_R",0,0,2,0,0,2,0
"B1793A_R",0,0,2,0,0,2,0
"B1783A_R",1,1,1,1,1,1,1
"B1785A_R",1,2,1,1,1,1,1
"B1678A_R",1,1,1,1,1,1,1
"B1679A_R",1,1,1,1,1,1,1
"B1680A_R",1,1,1,1,1,1,1
"B1681A_R",1,1,1,1,1,1,1
"B1917A_R",2,2,1,1,1,1,1
"B1593A_R",1,1,1,1,1,1,1
"B1594A_R",2,2,0,2,2,0,2
"B1595A_R",2,2,0,2,2,1,1
"B1596A_R",0,1,2,1,1,2,1
"B1669A_R",1,2,1,1,1,1,1
"B1670A_R",0,0,2,0,0,2,0
"B1631A_R",1,1,1,1,1,1,1
"B1632A_R",2,2,1,1,1,1,1
"B1685A_R",1,1,0,2,2,1,1
"B1668A_R",1,1,1,1,1,1,1
"B2153A_R",1,2,1,1,1,1,1
"B2015A_R",2,2,0,2,2,0,2
"B2017A_R",0,1,1,2,2,1,2
"B1894A_R",1,1,1,1,1,1,1
"B1895A_R",2,2,0,2,2,0,2
"B1901A_R",2,2,0,2,2,0,2
"B1902A_R",1,1,2,0,0,2,0
"B1603A_R",1,1,1,1,1,1,1
"B1604A_R",0,0,2,0,0,2,0
"B1891A_R",0,0,2,0,0,2,0
"B1892A_R",1,1,1,1,1,1,1
"B1716A_R",2,2,0,2,2,0,2
"B1717A_R",1,1,1,1,1,1,1
"B1567A_R",1,1,2,0,0,2,0
"B1569A_R",1,1,1,1,1,1,1
"B1759A_R",0,1,2,0,0,2,0
"B1878A_R",0,0,1,1,1,1,1
"B1880A_R",1,1,1,1,1,1,1
"B1641A_R",1,1,1,1,1,1,1
"B1642A_R",1,2,2,0,0,2,0
"B1644A_R",2,2,0,2,2,0,2
"B1924A_R",1,2,1,1,1,1,1
"B1570A_R",0,0,2,0,0,2,0
"B1571A_R",0,0,2,0,0,2,0
"B1616A_R",2,2,0,2,2,0,2
"B1617A_R",0,2,2,1,1,2,2
"B1618A_R",0,1,2,0,0,2,0
"B1602A_R",2,2,0,2,2,0,2
"B1575A_R",2,2,0,2,2,0,2
"B1576A_R",1,2,1,1,1,1,1
"B0611A_R",1,1,1,1,1,1,1
"B1579A_R",2,2,1,1,1,1,1
"B1580A_R",1,1,1,1,1,1,1
"B1653A_R",2,2,0,2,2,0,2
"B1661A_R",2,2,0,2,2,0,2
"B1585A_R",0,0,2,0,0,2,0
"B1572A_R",0,0,2,0,0,2,0
"B1573A_R",2,2,1,1,1,1,1
"B1574A_R",2,2,0,2,2,0,2
"B1697B_R",1,1,1,1,1,1,1
"B1698A_R",2,2,0,2,2,0,2
"B1699A_R",1,1,1,1,1,1,1
"B1651A_R",2,2,0,2,2,0,2
"B1694A_R",2,2,1,1,1,1,1
"B1695A_R",2,2,0,2,2,0,2
"B1731A_R",1,1,2,0,0,2,0
"B1727A_R",1,1,0,2,2,0,2
"B2027A_R",1,1,1,1,1,1,1
"B2030A_R",2,1,0,2,2,1,1
"S2028A_R",1,1,1,1,1,1,1
"B1977A_R",1,1,1,1,1,1,1
"B1715A_R",1,1,1,1,1,1,1
"B1776A_R",1,1,1,1,1,1,1
"B2006A_R",1,1,1,1,1,1,1
"B2052A_R",0,0,2,0,0,2,0
"B2059A_R",0,2,2,2,2,0,2
"B2070A_R",1,1,1,1,1,1,1
"B2098A_R",2,2,0,2,2,0,2
"B1794A_R",1,1,1,1,1,1,1
"B2268A_R",1,1,1,1,1,1,1
"S2286A_R",2,2,0,2,2,0,2
"B2241A_R",1,2,2,1,1,2,1
"B2234A_R",1,1,2,0,0,2,0
"B2227A_R",1,1,1,1,1,1,2
"B2230A_R",2,2,0,2,2,0,2
"B2148A_R",2,2,0,2,2,0,2
"B2139A_R",1,2,1,1,1,1,1
"B2131A_R",0,0,1,1,1,1,1
"B1906A_R",1,1,1,1,1,0,2
"S1921A_R",1,1,1,2,2,1,2
"B1817A_R",1,1,1,1,1,1,1
"B2035A_R",1,1,1,1,1,1,1
"B1813A_R",1,1,1,1,1,1,1
"B2042A_R",0,1,2,1,1,2,1
"B2240A_R",1,1,2,0,0,2,0
"B2247A_R",1,1,1,1,0,2,0
"S1982A_R",2,2,1,1,1,1,1
"B2233A_R",2,2,1,1,1,1,1
"B1918A_R",0,1,1,2,2,1,1
"B1997A_R",1,1,2,0,0,2,0
"B1747A_R",1,2,1,1,1,1,1
"B1591A_R",2,2,0,2,2,0,2
"B1615A_R",1,1,0,2,2,0,2
"B1619A_R",2,2,1,1,1,1,1
"B1787A_R",1,1,2,0,0,2,0
"B2157A_R",0,0,2,0,0,2,0
"B1975A_R",2,2,1,1,1,1,1
"B2807A_R",1,2,1,1,1,1,1
"B2805A_R",0,0,2,0,0,2,0
"B1677A_R",0,0,2,0,0,2,0
"B2458A_R",1,1,1,1,1,1,1
"B2442A_R",1,1,1,1,1,1,1
"B2433A_R",0,0,2,0,0,2,0
"B2409A_R",2,2,0,2,2,0,2
"B2496A_R",2,2,1,1,1,1,1
"B2500A_R",0,0,1,1,1,1,1
"B2564A_R",1,1,1,1,1,1,1
"B2893A_R",0,0,2,0,0,2,0
"B2900A_R",2,2,0,2,2,0,2
"S2804A_R",0,0,2,0,0,2,0
"S2892A_R",2,2,0,2,2,0,2
"B2831A_R",1,1,1,1,1,1,1
"B2638A_R",1,2,2,0,0,2,0
"B2531A_R",0,0,2,0,0,2,0
"B2571A_R",1,1,1,1,1,1,1
"S2631A_R",1,1,2,0,0,2,0
"S2712A_R",0,1,1,2,2,2,2
"B2438A_R",1,1,2,0,0,2,0
"B2505A_R",1,1,1,1,1,1,1
"B2602A_R",1,2,1,1,1,1,1
"B2619A_R",0,1,1,1,1,1,1
"B2803A_R",0,0,2,0,0,2,0
"S2348A_R",1,1,1,1,1,1,1
"S2501A_R",2,2,0,2,2,0,2
"S2860A_R",1,1,1,1,1,1,1
"B2721A_R",0,0,2,0,0,2,0
"B2282A_R",0,1,2,0,0,2,0
"B2159A_R",1,1,1,1,1,1,1
"B2172A_R",1,1,1,1,1,1,1
"B2163A_R",2,2,0,2,2,0,2
"B2165A_R",0,0,2,0,0,2,0
"S2386A_R",2,2,0,2,2,1,1
"B1704A_R",0,0,2,0,0,2,0
"B1905A_R",1,1,1,1,1,1,1
"B1964A_R",1,1,2,NA,NA,2,0
"B1903A_R",1,1,1,1,1,1,1
"B1768A_R",0,2,2,0,0,2,0
"B1760A_R",0,0,2,0,0,2,0
"B1725A_R",2,2,1,1,1,1,1
"B1820A_R",1,1,2,0,0,2,0
"B1956A_R",1,1,1,1,1,1,1
"B1973A_R",2,2,2,0,0,2,0
"B1966A_R",1,1,2,0,0,2,0
"B1955A_R",1,2,2,0,0,2,0
"B1937A_R",1,1,1,1,1,1,1
"B1936A_R",0,0,2,1,1,2,0
"B2077A_R",1,1,1,1,1,1,1
"B1705A_R",0,0,2,0,0,2,0
"B2299A_R",1,1,1,1,1,1,1
"B0414A_R",0,0,2,0,0,2,0
"B1682A_R",0,0,2,0,0,2,0
"S2683A_R",0,0,2,0,0,2,0
"S2752A_R",0,0,2,0,0,2,0
"S2757A_R",0,1,2,0,0,NA,0
"S2709A_R",1,1,1,1,1,1,1
"B2338A_R",2,2,0,2,2,0,2
"B2747A_R",2,2,1,1,1,1,1
"B2708A_R",1,1,1,1,1,1,1
"B2688A_R",1,1,1,1,1,1,1
"B2859A_R",0,1,2,1,1,2,0
"B2655A_R",2,2,0,2,2,0,2
"B2732A_R",2,2,1,1,1,1,1
"B2738A_R",2,2,0,2,2,0,2
"B2270A_R",1,1,1,2,2,1,1
"B2170A_R",0,0,2,0,0,2,0
"B2463A_R",2,2,0,2,2,0,2
"B2624A_R",1,2,1,1,1,1,1
"S2549A_R",1,1,1,1,1,1,1
"B2528A_R",1,1,1,1,1,1,1
"S2492A_R",0,1,1,1,1,1,1
"B2467A_R",2,2,0,2,2,0,2
"B2637A_R",0,1,2,0,0,2,0
"B2366A_R",2,2,0,2,2,0,2
"B2368A_R",1,1,1,1,1,1,1
"B2291A_R",1,1,1,1,1,1,1
"B2379A_R",0,1,1,2,2,1,1
"B2372A_R",2,2,0,2,2,0,2
"S2257A_R",1,1,1,1,1,1,1
"B2644A_R",1,1,1,1,1,1,1
"B2430A_R",0,0,2,0,0,2,0
"S2331A_R",1,2,1,1,1,1,1
"S2782A_R",1,1,1,1,1,1,1
"B1810A_R",1,2,1,1,1,1,1
"B1815A_R",2,2,1,1,1,1,1
"B2223A_R",1,1,0,2,2,0,2
"B1911A_R",0,0,2,0,0,2,0
"B1636A_R",2,2,1,1,1,1,1
"B2176A_R",2,2,0,2,2,0,2
"B1968A_R",0,2,2,2,2,2,2
"B1835A_R",1,2,1,2,2,1,2
"B1807A_R",1,2,0,2,2,0,2
"B1789A_R",0,0,2,0,0,2,0
"B2934A_R",2,2,0,2,2,0,2
"B2632A_R",0,0,2,0,0,2,0
"S2836A_R",0,1,2,0,0,2,0
"B2278A_R",1,2,1,1,1,1,1
"B1620A_R",1,2,1,2,2,2,1
"B2576A_R",2,2,1,1,1,1,1
"B2604A_R",2,2,1,1,1,1,1
"B2436A_R",0,0,2,0,0,2,0
"B2550A_R",1,1,1,1,1,1,1
"B2696A_R",1,2,1,1,1,1,1
"B2158A_R",0,0,2,0,0,2,0
"B2292A_R",0,0,2,0,0,2,0
"B2525A_R",2,2,0,2,2,0,2
"B2781A_R",1,2,1,1,1,1,1
"B2799A_R",2,2,1,1,1,1,1
"B2650A_R",1,2,1,1,1,1,1
"S2363A_R",0,0,2,0,0,2,0
"B1639A_R",2,2,0,2,2,0,2
"B1666A_R",1,1,1,1,1,1,1
"B1601A_R",1,1,1,1,1,1,1
"S2869A_R",2,2,NA,2,2,0,1
"B1689A_R",1,1,1,1,1,1,1
"B2010A_R",0,0,2,0,0,2,0
"B1700A_R",2,2,0,2,2,0,2
"B2188A_R",2,2,1,1,1,1,1
"B2177A_R",2,2,0,2,2,0,1
"B2184A_R",2,2,1,1,1,1,1
"B2173A_R",2,2,1,1,1,1,1
"B1758A_R",2,2,0,2,2,0,2
"B2298A_R",0,0,2,0,0,2,0
"B2117A_R",1,1,1,1,1,1,1
"B2116A_R",0,1,2,0,0,2,0
"S2403A_R",0,0,1,1,1,1,1
"B2341A_R",2,2,0,2,2,0,2
"B2705A_R",2,2,0,NA,2,0,NA
"B2725A_R",1,1,1,1,1,1,1
"B2656A_R",2,2,0,2,2,0,2
"B1581A_R",1,1,1,1,1,1,1
"B2863A_R",1,1,0,2,2,0,2
"B2675A_R",1,1,2,0,0,2,0
"B2694A_R",1,2,1,1,1,1,1
"B1686A_R",1,1,1,1,1,1,1
"B2846A_R",2,2,0,2,2,0,2
"B1869A_R",2,2,1,1,1,1,1
"B1868A_R",1,1,1,1,1,1,1
"B1870A_R",1,1,1,1,1,1,1
"B1872A_R",1,1,1,1,1,1,1
"B1874A_R",1,1,1,1,1,1,1
"B1871A_R",2,1,0,2,2,0,2
"B1875A_R",0,1,2,1,1,1,1
"B1745A_R",1,1,1,1,1,1,1
"B1867A_R",1,NA,1,1,1,1,1
"B1877A_R",1,1,1,1,1,1,1
"B1662A_R",1,1,1,1,1,1,1
"B1748A_R",1,1,1,1,1,1,1
"B2586A_R",1,1,2,0,0,2,0
"B2302A_R",1,1,1,1,1,1,1
"B2387A_R",1,2,1,2,2,1,1
"112310_R",1,2,1,1,1,1,1
"115923_R",1,1,1,1,1,1,1
"118865_R",2,0,2,0,0,2,2
"112383_R",1,1,1,1,1,1,1
"113333_R",0,2,0,2,2,0,0
"116921_R",2,2,2,1,1,2,2
"118593_R",2,1,1,2,2,1,0
"114395_R",2,2,1,2,2,1,1
"112503_R",1,2,1,1,1,1,1
"112092_R",0,2,0,2,2,0,0
"117609_R",1,1,1,1,1,1,1
"113489_R",2,1,1,1,1,1,1
"117950_R",0,2,1,1,1,1,1
"116941_R",2,0,2,0,0,2,2
"112365_R",0,2,0,2,2,0,0
"117348_R",2,1,2,0,0,2,2
"116634_R",1,1,1,1,1,1,1
"112327_R",1,1,2,0,0,2,2
"112965_R",2,1,2,1,1,2,2
"115901_R",2,1,1,1,1,2,1
"118941_R",1,1,0,2,2,0,0
"119258_R",1,1,1,1,1,1,1
"118818_R",1,1,1,1,1,1,1
"112591_R",2,2,2,2,2,2,0
"116440_R",1,1,2,0,0,2,2
"112428_R",1,1,1,1,1,1,1
"113316_R",0,2,0,2,2,0,0
"113814_R",0,2,0,2,2,0,0
"113409_R",1,1,2,0,0,2,2
"118020_R",2,0,2,0,0,2,2
"112613_R",2,1,1,1,1,1,1
"118655_R",1,1,1,1,1,1,1
"112112_R",0,2,0,2,2,0,0
"118183_R",1,1,0,2,2,0,0
"112162_R",0,2,0,2,2,0,0
"112408_R",1,1,1,1,1,1,1
"117979_R",0,2,0,2,2,1,1
"117212_R",0,2,1,1,1,1,1
"112259_R",1,1,1,1,1,1,1
"112050_R",0,2,0,2,2,0,0
"113468_R",1,2,1,1,1,1,1
"116287_R",1,2,1,1,1,1,1
"112292_R",0,2,0,2,2,0,0
"119186_R",1,1,1,1,1,1,1
"116780_R",2,1,1,2,2,1,1
"117105_R",2,2,2,2,2,2,1
"118510_R",2,0,2,0,0,2,2
"112143_R",0,2,1,1,1,1,1
"112941_R",1,1,0,2,2,0,0
"116884_R",2,0,2,0,0,2,2
"112987_R",2,0,1,1,1,1,1
"113376_R",1,2,1,1,1,1,1
"117180_R",0,2,0,2,2,0,0
"114338_R",2,0,2,0,0,2,2
"112190_R",0,2,0,2,2,0,0
"117683_R",1,1,1,1,1,1,1
"112268_R",1,1,1,1,1,1,1
"112672_R",2,1,1,1,1,1,1
"118807_R",1,2,1,1,1,1,1
"112710_R",1,2,0,2,2,0,0
"119384_R",1,2,0,2,2,0,0
"116483_R",1,2,1,2,2,1,1
"117649_R",2,0,0,2,2,0,1
"118467_R",2,2,2,1,1,2,1
"118416_R",1,1,1,1,1,1,1
"116398_R",2,1,2,0,0,2,2
"113043_R",2,1,1,1,1,1,1
"114144_R",1,1,1,1,1,1,1
"112707_R",1,1,2,0,0,2,2
"116014_R",2,1,2,1,1,2,2
"113392_R",1,1,1,1,1,1,1
"116341_R",0,2,0,2,2,0,0
"113293_R",2,1,0,2,2,0,0
"119223_R",1,1,1,1,1,1,1
"118635_R",1,1,1,1,1,1,1
"112122_R",0,2,0,2,2,0,0
"118136_R",0,2,0,2,2,0,0
"115770_R",0,2,0,2,2,0,1
"117306_R",1,2,1,1,1,1,1
"112207_R",1,1,1,1,1,1,1
"112750_R",1,1,1,1,1,1,1
"112729_R",0,2,0,2,2,0,0
"113124_R",2,1,1,1,1,1,1
"114024_R",1,2,1,1,1,1,1
"113007_R",2,0,2,0,0,2,2
"113147_R",2,0,2,0,0,2,2
"113938_R",0,2,1,1,1,1,1
"117268_R",0,2,1,1,1,1,1
"112904_R",0,2,1,1,1,1,1
"118746_R",2,2,2,2,2,2,1
"118226_R",2,0,2,2,2,2,1
"116758_R",0,2,0,2,2,0,0
"113022_R",1,1,2,0,0,2,2
"116654_R",0,2,2,0,0,2,2
"112482_R",1,2,1,1,1,1,1
"115124_R",1,1,1,1,1,1,0
"117056_R",1,1,1,1,1,1,1
"118072_R",1,2,2,1,1,2,2
"119145_R",2,0,2,0,0,2,2
"115564_R",0,2,1,1,1,1,1
"115809_R",2,2,2,1,1,2,1
"119079_R",1,1,2,0,0,2,2
"112074_R",1,1,2,0,0,2,2
"112791_R",1,2,1,1,1,1,1
"115035_R",2,0,1,1,1,1,1
"114213_R",0,2,1,1,1,1,1
"113177_R",1,1,2,0,0,2,2
"115067_R",0,2,1,1,1,1,1
"116175_R",0,2,0,2,2,0,0
"119348_R",1,1,1,1,1,1,1
"112137_R",1,1,1,1,1,1,1
"112813_R",0,2,0,2,2,0,0
"113914_R",1,1,1,1,1,1,1
"114732_R",1,1,1,1,1,1,1
"112556_R",1,1,1,1,1,1,1
"118781_R",0,2,0,2,2,0,0
"117711_R",2,0,2,0,0,2,2
"112458_R",1,1,2,0,0,2,2
"113854_R",2,1,2,1,1,2,2
"115087_R",1,1,1,1,1,1,1
"113784_R",0,2,1,1,1,1,1
"113267_R",1,1,1,1,1,1,1
"112775_R",1,2,1,1,1,1,1
"113547_R",2,0,2,0,0,2,2
"113563_R",0,2,1,1,1,1,1
"114916_R",1,1,1,1,1,1,1
"119061_R",1,1,1,1,1,1,1
"116617_R",2,2,2,1,1,2,1
"118767_R",2,1,2,2,2,2,2
"112227_R",0,2,1,1,1,0,0
"115141_R",2,0,2,0,0,2,2
"113713_R",0,2,0,2,2,0,0
"114997_R",0,2,1,1,1,1,1
"114117_R",1,1,1,1,1,1,1
"112034_R",0,2,0,2,2,0,0
"113733_R",0,2,0,2,2,0,0
"112922_R",0,2,0,2,2,0,0
"114376_R",2,0,2,0,0,2,2
"114711_R",2,0,2,0,0,2,2
"113239_R",2,0,2,0,0,2,2
"112057_R",0,2,1,1,1,1,1
"115204_R",0,2,0,2,2,0,0
"115227_R",1,1,1,1,1,1,1
"115159_R",1,1,1,1,1,1,1
"114685_R",1,1,1,1,1,1,1
"114818_R",1,1,1,1,1,1,1
"114877_R",1,1,1,1,1,1,1
"113627_R",1,1,1,2,2,1,1
"114193_R",1,1,1,1,1,1,1
"113691_R",0,2,1,1,1,1,1
"K65910-D01_R2895",NA,NA,1,1,1,1,1
"R1075-DS01_R1075",2,2,1,1,1,1,1
"K14755-D02_R2145",2,2,NA,NA,NA,NA,NA
"R1476-DS01_R1476",1,1,NA,NA,NA,2,NA
"K60595-D08_R2781",0,1,1,2,2,1,2
"K33392-D09_R2477",0,0,1,1,1,1,1
"k16197-D07_R2279",2,2,1,1,1,1,1
"k38897-D02_R1596",1,2,1,1,1,1,1
"R1338-DS01_R1338",0,0,2,NA,0,2,0
"R1967-DS03_R1967",1,1,1,1,1,1,1
"R1381-DS02_R1381",0,1,1,1,1,1,1
"R1260-DS01_R1260",2,2,1,1,1,1,1
"R1574-DS01_R1574",1,2,2,0,0,2,0
"K15595-D01_R2187",1,1,1,1,1,1,1
"R1174-DS02_R1174",1,1,1,1,1,1,1
"k38739-D03_R2610",0,0,1,1,1,1,1
"k35868-D02_R2556",0,2,2,1,1,2,1
"K60378-D01_R2709",1,2,1,1,1,1,1
"k40192-D03_R2509",0,0,1,1,1,1,1
"R1244-DS02_R1244",1,1,1,1,1,1,1
"R1323-DS03_R1323",0,0,2,NA,NA,2,0
"R1025-DS01_R1025",1,2,1,2,2,1,1
"R1403-DS02_R1403",0,0,2,NA,0,2,0
"R1208-DS01_R1208",1,1,1,1,1,1,1
"K23528-D07_R1922",1,1,1,1,1,1,1
"R1137-DS03_R1137",1,1,1,1,1,1,1
"R1249-DS02_R1249",1,2,0,2,2,0,2
"R1166-DS03_R1166",1,1,1,1,1,1,1
"R1160-DS02_R1160",0,1,1,2,2,1,1
"K15685-D01_R2194",0,1,1,2,2,1,1
"R1092-DS01_R1092",0,2,2,2,2,2,1
"K72329-D01_R3480",2,2,0,2,2,0,2
"K61094-D01_R2770",1,1,2,2,2,2,1
"R1411-DS03_R1411",1,2,2,0,0,2,0
"K22921-D03_R2264",0,1,1,2,2,2,2
"K15697-D04_R2196",1,2,1,2,2,1,2
"R1132-DS03_R1132",1,1,1,1,1,1,1
"R1973-DS03_R1973",1,1,1,1,1,1,1
"R1484-DS01_R1484",1,1,1,1,1,1,1
"R1258-DS01_R1258",1,1,1,1,1,1,1
"R1911-DS02_R1911",1,1,1,1,1,1,1
"k52775-D01_R2524",1,1,1,1,1,1,1
"K55131-D02_R2800",1,1,1,1,1,1,1
"R1504-DS01_R1504",1,1,1,1,1,1,1
"K30386-D01_R2494",2,2,1,1,1,1,1
"K60493-D01_R2782",2,2,0,2,2,0,2
"R2125-DS03_R2125",1,2,0,2,2,0,2
"R1722-DS01_R1722",2,2,0,2,2,0,2
"k44736-D01_R2563",2,2,1,1,1,1,1
"R1845-DS01_R1845",1,1,1,1,1,1,1
"R1195-DS01_R1195",1,2,1,1,1,1,1
"R1359-DS03_R1359",1,1,1,1,1,1,1
"R1869-DS01_R1869",2,2,0,2,2,1,1
"R1668-DS01_R1668",2,2,0,2,2,0,2
"R1402-DS02_R1402",2,2,1,1,1,1,1
"K59835-D03_R2139",2,2,0,2,2,0,2
"R1054-DS03_R1054",1,1,1,1,1,1,1
"k41014-D02_R2504",1,1,2,0,0,2,0
"K55242-D01_R2654",2,1,0,2,2,1,1
"R1704-DS01_R1704",1,1,1,1,1,1,1
"R1360-DS02_R1360",1,1,1,1,1,1,1
"R1601-DS01_R1601",1,1,1,1,1,1,1
"R2094-DS03_R2094",2,2,0,2,2,0,2
"k16081-D09_R2327",2,2,1,1,1,1,1
"R2893-DS03_R2893",1,1,2,0,0,2,0
"R1567-DS01_R1567",0,0,2,0,0,2,0
"K16280-D08_R2350",0,0,2,0,0,2,0
"K30108-D01_R2267",2,2,0,2,2,0,2
"R1749-DS03_R1749",2,2,1,1,1,1,1
"K72255-D01_R2984",2,2,1,1,1,1,1
"R1400-DS02_R1400",1,1,1,1,1,1,1
"K60598-D02_R2916",0,1,2,0,0,2,0
"R1252-DS01_R1252",2,2,0,2,2,0,2
"K55055-D06_R2653",0,0,2,0,0,2,0
"R1310-DS01_R1310",1,1,1,1,1,1,1
"D1804-DS02_R1804",1,1,1,1,1,1,1
"R1114-DS03_R1114",1,1,1,1,1,1,1
"R1866-DS03_R1866",1,1,1,1,1,1,1
"K67109-D01_R2837",0,0,2,0,0,2,0
"R1482-DS01_R1482",2,2,0,2,2,0,2
"R2124-DS02_R2124",1,1,1,1,1,1,1
"K76085-D02_R3419",1,1,1,1,1,1,1
"R1872-DS01_R1872",1,1,1,1,1,1,1
"R1308-DS02_R1308",0,0,2,0,0,2,0
"R1268-DS01_R1268",2,2,0,2,2,1,1
"K70883-D02_R3401",1,1,1,1,1,1,1
"k33411-D01_R2489",1,1,1,1,1,1,1
"R1023-DS02_R1023",2,2,1,1,1,1,1
"R1150-DS02_R1150",1,1,2,0,0,2,0
"R1266-DS01_R1266",0,0,2,0,0,2,0
"R1514-DS01_R1514",2,2,0,2,2,0,2
"R1750-DS03_R1750",2,2,1,1,1,1,1
"K61598-D09_R2854",1,1,1,1,1,1,1
"R1091-DS01_R1091",2,2,1,1,1,1,1
"R1043-DS01_R1043",2,2,0,2,2,0,2
"R1550-DS01_R1550",2,2,1,1,1,1,1
"K74137-D02_R3720",1,1,1,1,1,1,1
"K58351-D03_R2656",2,2,0,2,2,0,2
"R2107-DS03_R2107",1,1,2,0,0,2,0
"R1380-DS02_R1380",2,2,1,1,1,1,1
"R1094-DS01_R1094",1,1,1,1,1,1,1
"R1412-DS03_R1412",0,0,2,0,0,2,0
"R1261-DS03_R1261",1,1,1,1,1,1,1
"R1306-DS03_R1306",1,1,1,1,1,1,1
"R1420-DS02_R1420",1,1,2,0,0,2,0
"R1667-DS03_R1667",2,2,1,1,1,1,1
"R1299-DS02_R1299",1,2,1,1,1,1,1
"R1573-DS03_R1573",2,2,1,1,1,1,1
"K60513-D02_R2876",0,0,2,0,0,2,0
"R1034-DS02_R1034",1,1,1,2,2,1,2
"R1374-DS01_R1374",2,2,1,1,1,1,1
"K15797-D01_R2185",2,2,0,2,2,0,2
"R1437-DS02_R1437",2,2,1,1,1,1,1
"R1128-DS01_R1128",1,1,1,1,1,1,1
"R1849-DS03_R1849",1,1,1,1,1,1,1
"R1908-DS03_R1908",2,2,0,2,2,0,2
"R1300-DS02_R1300",0,1,1,1,1,1,1
"R1966-DS03_R1966",1,2,1,1,1,1,1
"k45698-D09_R2628",1,1,1,1,1,1,1
"K16725-D04_R2390",2,2,1,1,1,1,1
"R2049-DS03_R2049",2,2,0,2,2,0,2
"R1119-DS01_R1119",1,1,1,1,1,1,1
"R2126-DS03_R2126",2,2,0,2,2,0,2
"R1061-DS01_R1061",0,0,2,0,0,1,1
"K32978-D07_R2488",1,1,1,1,1,1,1
"R1603-DS01_R1603",2,2,0,2,2,0,2
"R1271-DS03_R1271",1,1,1,1,1,1,1
"K74299-D03_R3706",1,1,1,1,1,1,1
"R1293-DS03_R1293",1,1,1,1,1,1,1
"R1568-DS02_R1568",2,2,1,1,1,1,1
"R1311-DS01_R1311",1,1,1,1,1,1,1
"R1292-DS01_R1292",2,2,1,1,1,1,1
"R1508-DS01_R1508",2,2,1,1,1,1,1
"R1134-DS03_R1134",1,1,2,0,0,2,0
"R1801-DS03_R1801",0,0,2,0,0,2,0
"R2025-DS02_R2025",1,2,0,2,2,0,2
"R1183-DS02_R1183",0,1,1,2,2,1,2
"K67852-D09_R3396",2,2,0,2,2,0,2
"K25991-D08_R2414",1,1,1,1,1,1,1
"K32150-D02_R2395",1,1,1,1,1,1,1
"K31223-D01_R2493",1,1,1,1,1,1,1
"R1242-DS01_R1242",1,1,2,0,0,2,0
"R1106-DS01_R1106",1,1,1,1,1,1,1
"R1789-DS03_R1789",2,2,0,2,2,0,2
"R1488-DS01_R1488",2,2,0,2,2,0,2
"K22701-D09_R2262",1,2,1,1,1,1,1
"R1376-DS03_R1376",1,2,1,1,1,1,1
"R1925-DS01_R1925",2,2,1,1,1,1,1
"R1290-DS02_R1290",2,2,0,2,2,0,2
"K30058-D08_R2400",1,1,1,1,1,1,1
"K64819-D01_R2980",1,1,2,0,0,2,0
"R1259-DS03_R1259",1,1,1,1,1,1,1
"K72238-D09_R3481",2,2,1,1,1,1,1
"R1797-DS02_R1797",1,1,2,0,0,2,0
"K69636-D09_R3398",1,1,1,1,1,1,1
"k38899-D01_R2562",2,2,0,2,2,0,2
"R1879-DS01_R1879",2,2,0,2,2,0,2
"R1375-DS01_R1375",2,2,1,1,1,1,1
"R1615-DS01_R1615",1,1,1,1,1,1,1
"R1217-DS01_R1217",0,0,2,0,0,2,0
"R1576-DS03_R1576",2,2,1,1,1,1,1
"R1844-DS01_R1844",1,1,1,1,1,1,1
"R1267-DS03_R1267",2,2,0,2,2,0,2
"R1898-DS02_R1898",2,2,1,1,1,1,1
"R1017-DS02_R1017",2,2,0,2,2,0,2
"R1929-DS01_R1929",2,2,1,1,1,1,1
"R1322-DS01_R1322",2,2,0,2,2,0,2
"K72904-D01_R3507",1,1,2,0,0,2,0
"k37726-D09_R2558",1,1,1,1,1,1,1
"K45119-D03_R2598",1,1,1,1,1,1,1
"R1047-DS01_R1047",1,2,2,1,1,2,0
"R1978-DS02_R1978",1,1,1,1,1,1,1
"R1977-DS03_R1977",2,2,0,2,2,0,2
"R2490-DS03_R2490",1,1,1,1,1,1,1
"R1151-DS02_R1151",1,1,1,1,1,1,1
"K66585-D01_R2884",1,1,2,0,0,2,0
"k52774-D09_R2779",0,1,2,0,0,2,0
"K68275-D02_R3395",2,2,0,2,2,0,2
"R1757-DS03_R1757",0,0,1,1,1,1,1
"R1777-DS02_R1777",2,2,0,2,2,1,1
"R1900-DS01_R1900",1,1,1,1,1,1,1
"R1138-DS02_R1138",2,2,1,1,1,1,1
"R1018-DS02_R1018",2,2,1,1,1,1,1
"K63671-D07_R2857",2,2,0,2,2,0,2
"R2006-DS01_R2006",2,2,2,0,0,2,0
"K61095-D02_R2901",1,NA,1,1,1,1,1
"K60379-D03_R2769",0,0,2,2,2,2,0
"R1645-DS03_R1645",0,1,2,1,1,2,0
"K89419-D02_R2031",2,2,1,1,1,1,1
"K16301-D01_R1878",1,2,1,1,1,1,1
"K55497-D04_R2611",2,2,1,1,1,1,1
"R1585-DS01_R1585",1,1,1,1,1,1,1
"R1036-DS01_R1036",1,1,1,1,1,1,1
"K64745-D03_R2883",1,1,2,0,0,2,0
"K16049-D04_R2274",1,0,2,0,0,2,0
"R1828-DS02_R1828",1,1,1,1,1,1,1
"R1626-DS01_R1626",2,2,0,2,2,0,2
"R1112-DS01_R1112",1,1,1,1,1,1,1
"K16106-D05_R2275",1,1,1,1,1,1,1
"R1197-DS02_R1197",2,2,0,2,2,0,2
"R1063-DS01_R1063",0,1,2,1,1,2,0
"K18518-D07_R2385",1,2,2,0,0,2,0
"K63212-D02_R2870",0,0,2,0,0,2,0
"K18926-D08_R2371",2,2,1,1,1,1,1
"R1039-DS01_R1039",1,1,2,0,0,2,0
"R2391-DS03_R2391",0,0,1,1,1,1,1
"R1926-DS01_R1926",0,1,2,0,0,2,0
"K33515-D04_R2508",2,2,1,1,1,1,1
"K15059-D02_R2188",0,1,2,0,0,2,0
"K70947-D09_R3402",1,1,1,1,1,1,1
"R1211-DS03_R1211",1,1,1,1,1,1,1
"R1139-DS02_R1139",1,1,1,1,1,1,1
"K63694-D04_R2930",2,2,0,2,2,0,2
"K60514-D02_R2903",0,0,2,0,0,1,1
"R1059-DS01_R1059",0,0,2,0,0,2,0
"K74967-D02_R3464",1,1,1,1,1,1,1
"R1855-DS01_R1855",0,1,2,0,0,2,0
"K72414-D01_R3506",0,0,2,0,0,2,0
"K72902-D02_R3537",1,1,1,1,1,1,1
"K64694-D08_R2891",2,2,2,0,0,2,0
"K70922-D01_R2754",1,1,1,1,1,1,1
"K16251-D01_R2340",2,2,0,2,2,0,2
"K15653-D03_R2195",0,1,1,1,1,1,1
"K22662-D03_R1081",0,0,2,0,0,2,0
"k45009-D03_R2607",1,2,0,2,2,0,2
"R2402-DS02_R2402",1,1,2,0,0,2,0
"K31665-D08_R2428",2,2,1,1,1,1,1
"K60657-D03_R2203",1,1,1,1,1,1,1
"R1421-DS02_R1421",0,0,2,0,0,0,2
